{
  "metadata": {
    "totalKeywords": 800,
    "totalSynonyms": 10000,
    "createdAt": "2025-10-31T23:16:10.501Z",
    "version": "2.2",
    "method": "embedding-cooccurrence-wordnet",
    "embeddingWeight": 0.5,
    "cooccurrenceWeight": 0.3,
    "wordnetWeight": 0.2,
    "chunked": true,
    "maxSynonymsPerKeyword": 10,
    "group": "group3",
    "keywordsCount": 343
  },
  "synonymMappings": {
    "조회조건": [
      "선택한",
      "조회일자",
      "관리상태",
      "소속명",
      "대상자명",
      "상담사명",
      "더블클릭하면",
      "조회된다",
      "공통버튼",
      "클릭하여"
    ],
    "조회일자": [
      "관리상태",
      "소속명",
      "대상자명",
      "상담사명",
      "대상자리스트조회",
      "대상자리스트",
      "조회된",
      "선택된",
      "등록번호",
      "리스트"
    ],
    "조회된다": [
      "대상자리스트조회",
      "조회일자",
      "관리상태",
      "조회된",
      "대상자리스트",
      "대상자명",
      "상담사명",
      "소속명",
      "선택된",
      "클릭하면"
    ],
    "조회된": [
      "상담사명",
      "대상자리스트",
      "조회일자",
      "관리상태",
      "소속명",
      "대상자명",
      "대상자리스트조회",
      "조회된다",
      "리스트",
      "클릭하면"
    ],
    "취소": [
      "조회일자",
      "관리상태",
      "소속명",
      "등록한다",
      "납부된",
      "선택된",
      "조회된",
      "일부가",
      "세무서장은",
      "지방회계법"
    ],
    "접근방법": [
      "선택한",
      "더블클릭하면",
      "월보고",
      "보고구분",
      "사용방법",
      "사업보고",
      "상세정보",
      "공통버튼",
      "클릭하여",
      "금연사업담당자"
    ],
    "주요내용": [
      "조문별",
      "해석사례",
      "것이어야",
      "적용하게",
      "질서위반행위로서",
      "신고하여야",
      "적용하여야",
      "법이나",
      "자동차등록령",
      "행정법"
    ],
    "자동차손해배상": [
      "의무보험",
      "가입의무",
      "보장법",
      "날로부터",
      "부여하고",
      "권리가",
      "날로서",
      "의미합니다",
      "유의해야",
      "자로서"
    ],
    "의무보험": [
      "자동차손해배상",
      "가입의무",
      "일정기간",
      "부과하",
      "구별된다",
      "부여하고",
      "보장법",
      "법이",
      "날로서",
      "위반행위가"
    ],
    "있는지": [
      "결정되는",
      "문제는",
      "납부의무는",
      "여전히",
      "납부하고",
      "비추어",
      "것이나",
      "되는바",
      "간주하여",
      "승계되지"
    ],
    "질서위반행위규제법": [
      "부과되었지만",
      "적용하게",
      "과태료부터",
      "시간적",
      "부과되고",
      "차용한",
      "적용된다",
      "규정하",
      "가산금이",
      "저촉되는"
    ],
    "의견제출": [
      "사전통지",
      "규정할",
      "절차로서",
      "통지하고",
      "자진납부",
      "있지는",
      "의견이",
      "기간이",
      "않았다면",
      "규정하지"
    ],
    "주어야": [
      "통지하고",
      "제출할",
      "의견이",
      "공청회",
      "제출한",
      "변경할",
      "의무보험",
      "이른바",
      "정하여",
      "하고자"
    ],
    "위반": [
      "성인인증장치",
      "관리자",
      "흡연행위",
      "점유자",
      "확인서",
      "구청장",
      "특별자치도지사",
      "부과기준",
      "특별자치시장",
      "가급적"
    ],
    "이의제기가": [
      "부적법한",
      "통보해야",
      "것이라고",
      "부과처분은",
      "이의제기",
      "부과처분",
      "제기할",
      "없더라도",
      "독립된",
      "이의제"
    ],
    "않는다": [
      "구별된다",
      "조까지",
      "적용되지",
      "조부터",
      "납부의무는",
      "부담하고",
      "상대방이",
      "않거나",
      "않았다면",
      "부과되었지만"
    ],
    "여부는": [
      "신중하게",
      "해당하는지",
      "국가기관",
      "판단되어야",
      "아파트",
      "판단하여야",
      "흡연실은",
      "그러한",
      "가능한",
      "않는다는"
    ],
    "징수": [
      "지방회계법",
      "반하지",
      "절차는",
      "준용할",
      "종료되지",
      "절차가",
      "적용되는",
      "관하여도",
      "저촉되는",
      "경과조치"
    ],
    "직접적인": [
      "생계유지",
      "생계유지가",
      "기간연장",
      "등록번호판이",
      "등록번호판",
      "일시해제",
      "곤란하다고",
      "결정하여",
      "해소되지",
      "구별된다"
    ],
    "조문별": [
      "해석사례",
      "주요내용",
      "법이나",
      "것이어야",
      "적용하게",
      "질서위반행위로서",
      "신고하여야",
      "적용하여야",
      "자동차등록령",
      "행정법"
    ],
    "않거나": [
      "시점부터",
      "개정법",
      "부동산",
      "액수가",
      "가볍게",
      "이른바",
      "적용하도록",
      "제법",
      "행정질서벌로서",
      "질서위반행위규"
    ],
    "않았다면": [
      "신고가",
      "개정법",
      "규정하지",
      "사람이나",
      "소유자는",
      "고용주등",
      "것이며",
      "부과하도록",
      "해당할",
      "발생하지"
    ],
    "처분은": [
      "되거나",
      "가볍게",
      "법률이",
      "변경된",
      "재판이",
      "않거나",
      "효과도",
      "해당하지",
      "위반행위자",
      "아닙니다"
    ],
    "질서위반행위규": [
      "제법",
      "않거나",
      "부과되었지만",
      "지방회계법",
      "대표자가",
      "직접적인",
      "근거하여",
      "함으로써",
      "생계유지",
      "관허사업"
    ],
    "제법": [
      "질서위반행위규",
      "않거나",
      "부과되었지만",
      "대표자가",
      "부과처분이",
      "함으로써",
      "생계유지",
      "직접적인",
      "관허사업",
      "고려할"
    ],
    "이러한": [
      "자체가",
      "납부하고",
      "공법상",
      "정해진",
      "해석상",
      "방지하고",
      "문제는",
      "부과처분이",
      "납부하면",
      "존재하지"
    ],
    "유효한": [
      "측면이",
      "납부가",
      "이해관계",
      "부과처분이",
      "것인바",
      "때문입니다",
      "것이라면",
      "유추적용할",
      "경우라면",
      "판례는"
    ],
    "제출할": [
      "통지하고",
      "의견이",
      "주어야",
      "변경할",
      "제출한",
      "징수절차가",
      "없었던",
      "있다는",
      "당사자는",
      "하고자"
    ],
    "없습니다": [
      "필요는",
      "담배는",
      "상당합니다",
      "제척기간이",
      "압류는",
      "반영하여",
      "징수하도록",
      "불과하여",
      "피상속인",
      "국가금연지원서비스"
    ],
    "자진납부": [
      "개별법상",
      "감경은",
      "행정절차",
      "제도적",
      "감경이",
      "종료되는",
      "적용이",
      "사회적",
      "되는지",
      "의견제출"
    ],
    "없었던": [
      "이의신청",
      "제기할",
      "검사가",
      "상당하다고",
      "검사는",
      "사유가",
      "즉시항고",
      "기간은",
      "날부터",
      "제출할"
    ],
    "아니한": [
      "위반하여",
      "따르지",
      "변경한",
      "제출하지",
      "가산하여",
      "제기하지",
      "부하지",
      "자동차관리법",
      "산하여",
      "이행하지"
    ],
    "정당한": [
      "있지는",
      "질서위반행위로서",
      "반환할",
      "영치가",
      "있음에도",
      "납부능력이",
      "차용한",
      "이유가",
      "유추적용할",
      "반환하여야"
    ],
    "위반하여": [
      "변경한",
      "따르지",
      "아니하거나",
      "자동차관리법",
      "아니하고",
      "아니한",
      "천만원",
      "경고문구",
      "제출하지",
      "부과한다"
    ],
    "질서위반행위가": [
      "날로서",
      "조사가",
      "완성된",
      "종료된",
      "발생하였다는",
      "합리적",
      "의심이",
      "위법상태가",
      "의미합니다",
      "유의해야"
    ],
    "적법한": [
      "이의가",
      "되는바",
      "위반행위가",
      "신고한",
      "부과처분이",
      "유효한",
      "부적법한",
      "이의제기",
      "이의제기가",
      "송달이"
    ],
    "질서위반": [
      "행위규제법",
      "차용한",
      "결정되는",
      "근거한",
      "위반행위가",
      "부과하면",
      "해석이",
      "존재하지",
      "신고가",
      "해석상"
    ],
    "처리": [
      "질서위반행위",
      "사전통지",
      "질서위반행위로서",
      "시간적",
      "의견제출",
      "제외하고",
      "동일성이",
      "가담한",
      "법위반",
      "포괄하여"
    ],
    "위반행위가": [
      "날로서",
      "의무보험",
      "유효한",
      "되는바",
      "유의해야",
      "발생하였다는",
      "합리적",
      "의심이",
      "적법한",
      "정기검사"
    ],
    "차용한": [
      "않는다는",
      "해석상",
      "부과하",
      "고려하면",
      "형법",
      "존재하지",
      "않는다고",
      "것으로서",
      "입니다",
      "질서위"
    ],
    "질서위반행위": [
      "인정된다고",
      "규제법",
      "처리",
      "실질적",
      "관련성",
      "때문입니다",
      "체납할",
      "행정법상",
      "일정기간",
      "적용하도록"
    ],
    "않도록": [
      "수거함",
      "불쾌한",
      "폐의약품",
      "느껴질",
      "주민센터",
      "주의사항",
      "중지하고",
      "천천히",
      "가급적",
      "니코틴껌"
    ],
    "정하여": [
      "주어야",
      "긴급히",
      "시행하여야",
      "간주하여",
      "보건복지부장관이",
      "공고일부터",
      "행정절차",
      "납부하여야",
      "통지하고",
      "제출할"
    ],
    "질서위반행": [
      "위규제법",
      "구별되는",
      "아니한다고",
      "있었다",
      "하는바",
      "시행된",
      "체납횟수",
      "명시적",
      "규정하는",
      "실효성"
    ],
    "요청한": [
      "비용은",
      "명백한",
      "법은",
      "광고물",
      "공청회",
      "현저히",
      "없으면",
      "따른다",
      "행정",
      "요청할"
    ],
    "전문개정": [
      "당사자등이",
      "없으면",
      "공청회",
      "제출된",
      "요청한",
      "비용은",
      "민사소송법",
      "현저히",
      "관하여는",
      "특별히"
    ],
    "자연인": [
      "재단으로서",
      "관리인이",
      "법인격이",
      "독자적인",
      "법인이",
      "당사자인",
      "대표자",
      "부과하",
      "명시하고",
      "당사자"
    ],
    "아니하거나": [
      "행방이",
      "분명하지",
      "제출하지",
      "소멸시효가",
      "완성된",
      "위반하여",
      "천만원",
      "이행하지",
      "신고한",
      "재산이"
    ],
    "우려가": [
      "인정된다고",
      "실질적",
      "관련성",
      "체납할",
      "현저히",
      "행정법상",
      "때문입니다",
      "해석이",
      "제한하는",
      "변경한"
    ],
    "요청할": [
      "소명하여",
      "행정기관",
      "응하여야",
      "공공기관",
      "광고물",
      "대표자가",
      "요청한",
      "이해관계",
      "현저히",
      "독립된"
    ],
    "위하여": [
      "실시할",
      "소명하여",
      "행정기관",
      "지방자치단체는",
      "보건복지부령이",
      "청구할",
      "부여하고",
      "요청할",
      "응하여야",
      "제목개정"
    ],
    "적용할": [
      "징수하도록",
      "조항",
      "새롭게",
      "제한하는",
      "개정법",
      "관리법",
      "준용할",
      "경과조치",
      "부과되고",
      "인정된다고"
    ],
    "지방세징수법": [
      "적용될",
      "명시적",
      "징수하게",
      "국세징수법",
      "성격이",
      "압류가",
      "압류할",
      "압류",
      "고려하면",
      "대통령령으"
    ],
    "청구할": [
      "유추적용할",
      "이의제",
      "납부가",
      "의무는",
      "경우라면",
      "성질상",
      "것인바",
      "허용되지",
      "사법",
      "반하여"
    ],
    "제외하고": [
      "유추적용할",
      "이해관계",
      "성질상",
      "허용되지",
      "사법",
      "반하여",
      "납부가",
      "청구할",
      "경우라면",
      "효력은"
    ],
    "유추적용할": [
      "이해관계",
      "반하여",
      "성질상",
      "관하여도",
      "효력은",
      "청구할",
      "경우라면",
      "허용되지",
      "사법",
      "납부가"
    ],
    "있다고": [
      "유추적용할",
      "이해관계",
      "반하여",
      "성질상",
      "관계가",
      "납부가",
      "허용되지",
      "사법",
      "효력은",
      "관하여도"
    ],
    "이해관계": [
      "유추적용할",
      "반하여",
      "성질상",
      "관하여도",
      "효력은",
      "납부가",
      "경우라면",
      "허용되지",
      "사법",
      "제외하고"
    ],
    "없다고": [
      "재산이",
      "행방이",
      "분명하지",
      "결손처분",
      "관계가",
      "채무자",
      "취소하고",
      "징수할",
      "이해관계",
      "소멸시효가"
    ],
    "여기서": [
      "인정된다고",
      "실질적",
      "관련성",
      "요건이",
      "체납할",
      "고용주등",
      "사람이나",
      "고용하고",
      "때문입니다",
      "적용하게"
    ],
    "징수절차가": [
      "감경된",
      "납부가",
      "납부하면",
      "없다는",
      "질서위반행위자가",
      "납부한",
      "종료되지",
      "있다는",
      "유효한",
      "제출할"
    ],
    "종료된": [
      "제척기간이",
      "결정이",
      "의미합니다",
      "제척기간",
      "신고하지",
      "완성된",
      "날로부터",
      "날로서",
      "신고가",
      "근거가"
    ],
    "요구할": [
      "사항이",
      "정지",
      "관허사업",
      "고용보험법",
      "응하여야",
      "경과하였으며",
      "실효성",
      "따라야",
      "어려울",
      "위규제법"
    ],
    "제척기간": [
      "제척기간이",
      "이의제기",
      "도과한",
      "사회적",
      "종료된",
      "결정이",
      "공시송달",
      "그로부터",
      "적용됩니다",
      "부과처분"
    ],
    "질서": [
      "위반행위규제법",
      "요건이",
      "날로서",
      "적용하는",
      "엄격하게",
      "되는바",
      "간주하여",
      "유의해야",
      "가담한",
      "해당하여"
    ],
    "있음에도": [
      "납부능력이",
      "경과하였으며",
      "체납금액",
      "구별되는",
      "체납할",
      "체납횟수",
      "요구된다",
      "합계가",
      "있지는",
      "고지서"
    ],
    "완성된": [
      "날로서",
      "행방이",
      "분명하지",
      "소멸시효가",
      "재산이",
      "위법상태가",
      "의미합니다",
      "결손처분",
      "취소하고",
      "제척기간이"
    ],
    "위법상태가": [
      "날로서",
      "단일성",
      "날로부터",
      "유의해야",
      "포괄하여",
      "완성된",
      "가입의무",
      "계속해서",
      "의미합니다",
      "동일성이"
    ],
    "일정한": [
      "징수하게",
      "행정기관이",
      "행정법",
      "새롭게",
      "압류가",
      "행방이",
      "분명하지",
      "건강",
      "날로서",
      "독립된"
    ],
    "인정하는": [
      "갈음할",
      "결정으로써",
      "상당하다고",
      "생긴다",
      "적당하다고",
      "필요하다고",
      "재판은",
      "행위는",
      "결정은",
      "세무서장은"
    ],
    "의하여": [
      "입증되고",
      "비디오테이프나",
      "집행할",
      "보건복지부령이",
      "종료한",
      "발급할",
      "징수유예",
      "주소가",
      "설립된",
      "판단되어야"
    ],
    "재판은": [
      "갈음할",
      "결정으로써",
      "생긴다",
      "결정은",
      "집행은",
      "적당하다고",
      "기산하고",
      "민사집행법",
      "즉시항고",
      "비용은"
    ],
    "적당하다고": [
      "갈음할",
      "생긴다",
      "결정으로써",
      "결정은",
      "법원이",
      "따라야",
      "주소가",
      "민사소송법",
      "단순한",
      "재판은"
    ],
    "재판이": [
      "되거나",
      "처분은",
      "가볍게",
      "민사집행법",
      "확정된",
      "즉시항고",
      "종료한",
      "법률이",
      "위규제법",
      "위반행위가"
    ],
    "즉시항고": [
      "집행은",
      "제기할",
      "기재된",
      "날로부터",
      "민사소송법",
      "없었던",
      "생긴다",
      "적당하다고",
      "결정은",
      "검사가"
    ],
    "인하여": [
      "곤란한",
      "질서위반행위는",
      "시점부터",
      "압류등록된",
      "없거나",
      "않거나",
      "소유권이",
      "변경되거나",
      "중대한",
      "어려울"
    ],
    "제외하고는": [
      "긴급히",
      "경과조치",
      "일반적",
      "시행하여야",
      "형사소송법",
      "대하여도",
      "경우라도",
      "공고일부터",
      "경미한",
      "과태료부터"
    ],
    "정책적": [
      "고용주",
      "해석할",
      "아니고",
      "기재된",
      "행정질서벌로서",
      "행정상",
      "국가기관",
      "소멸시효",
      "행정",
      "태료"
    ],
    "아니라": [
      "해석이",
      "법위반",
      "포괄하여",
      "전체가",
      "동일성이",
      "상당합니다",
      "민사집행규칙",
      "고려한",
      "고용주등",
      "단순히"
    ],
    "이유가": [
      "종료되는",
      "제출한",
      "상당한",
      "질서위반행위로서",
      "부과하지",
      "의견이",
      "제도적",
      "현저히",
      "정당한",
      "기한이"
    ],
    "의하면": [
      "적용하여야",
      "되는바",
      "부과합니다",
      "자동차등록령",
      "되거나",
      "사무소",
      "해석이",
      "규정되어",
      "개정되기",
      "제한이"
    ],
    "징수할": [
      "재산이",
      "행방이",
      "관계가",
      "분명하지",
      "대상은",
      "결손처분",
      "취소하고",
      "채무자",
      "소멸시효가",
      "법인은"
    ],
    "있는바": [
      "유추적용할",
      "이해관계",
      "반하여",
      "된다고",
      "관하여도",
      "판단해야",
      "행정법상",
      "성질상",
      "납부기한까지",
      "효력은"
    ],
    "아닙니다": [
      "의무는",
      "부담하게",
      "처분은",
      "중요한",
      "있더라도",
      "제출된",
      "납부하면",
      "지방세기본법",
      "하자가",
      "제재로서"
    ],
    "인정할": [
      "조사가",
      "발생하였다는",
      "합리적",
      "의심이",
      "사무소",
      "지방법원",
      "필요하다고",
      "문제는",
      "엄격하게",
      "하여금"
    ],
    "체납": [
      "적용하게",
      "부과되었지만",
      "과태료부터",
      "중가산금은",
      "준용할",
      "강제집행",
      "부하지",
      "세무서장은",
      "신용정보",
      "징수하도록"
    ],
    "압류": [
      "징수하게",
      "압류가",
      "지방세징수법",
      "새롭게",
      "대상은",
      "규정되어",
      "세무서장은",
      "압류할",
      "지방세기본법",
      "국세징수법"
    ],
    "존재하지": [
      "구별된다",
      "차용한",
      "않더라도",
      "하였더라도",
      "적용하여야",
      "해석상",
      "상속인이",
      "있었던",
      "법인은",
      "않는다는"
    ],
    "적용하여야": [
      "적용하도록",
      "해석이",
      "하였더라도",
      "엄격하게",
      "법령이",
      "의하면",
      "상속인이",
      "존재하지",
      "조사가",
      "가볍게"
    ],
    "지방세": [
      "새롭게",
      "징수하도록",
      "징수는",
      "징수하게",
      "조항",
      "제기하지",
      "압류가",
      "체납처",
      "압류는",
      "부담하고"
    ],
    "이의제기": [
      "제척기간",
      "부적법한",
      "이의제기가",
      "하였더라도",
      "이의제",
      "체납처분",
      "적법한",
      "이의가",
      "부과처분은",
      "것이라고"
    ],
    "집행은": [
      "제기할",
      "검사가",
      "민사집행법",
      "집행할",
      "즉시항고",
      "설립된",
      "재판은",
      "상속인이",
      "근거가",
      "확정된"
    ],
    "제기하지": [
      "종료한",
      "집행할",
      "기한이",
      "징수하게",
      "압류가",
      "새롭게",
      "설립된",
      "징수한다",
      "가산하여",
      "산하여"
    ],
    "종료한": [
      "집행할",
      "기한이",
      "제기하지",
      "설립된",
      "사망한",
      "날로서",
      "징수유예",
      "민사집행법",
      "유의해야",
      "상속재산"
    ],
    "집행할": [
      "종료한",
      "기한이",
      "설립된",
      "사망한",
      "상속재산",
      "제기하지",
      "집행은",
      "징수유예",
      "기산하고",
      "승계되지"
    ],
    "중가산금": [
      "유의해야",
      "소급하여",
      "징수유예",
      "경과할",
      "가산금이",
      "중가산금은",
      "중가산금이",
      "징수가",
      "초과하지",
      "부하지"
    ],
    "자동차손해배상보장법": [
      "것이어야",
      "날로부터",
      "하는바",
      "제한이",
      "호부터",
      "말소등록",
      "자동차손해배상",
      "그러한",
      "가입의무",
      "상속인"
    ],
    "자동차": [
      "관계된",
      "생계유지",
      "일시해제",
      "등록번호판",
      "영치할",
      "영치한",
      "등록번호판이",
      "자동차가",
      "직접적인",
      "기간연장"
    ],
    "않더라도": [
      "소유권이",
      "피상속인",
      "상속인은",
      "고용주",
      "민사집행규칙",
      "않아도",
      "변경되거나",
      "부담하게",
      "제출하지",
      "포괄적"
    ],
    "책임이": [
      "납부된",
      "방지하고",
      "적법하게",
      "피상속인",
      "소급하여",
      "법령이",
      "상속인",
      "미치지",
      "금액이",
      "금연상담"
    ],
    "아니다": [
      "유리한",
      "중가산금이",
      "체납액",
      "형사소송법",
      "체납횟수",
      "경우도",
      "요구된다",
      "가산금이",
      "피상속인",
      "단순히"
    ],
    "조부터": [
      "조까지",
      "발급할",
      "비디오테이프나",
      "입증되고",
      "비송사건절차법",
      "범칙금",
      "사실이",
      "경우만",
      "규정은",
      "주소가"
    ],
    "조까지": [
      "조부터",
      "발급할",
      "비디오테이프나",
      "입증되고",
      "비송사건절차법",
      "않는다",
      "불과하여",
      "범칙금",
      "경우만",
      "고용주"
    ],
    "위반한": [
      "입증되고",
      "비디오테이프나",
      "발급할",
      "사실이",
      "확인서",
      "범칙금",
      "대리인",
      "변경한",
      "경우만",
      "고용주"
    ],
    "입증되고": [
      "비디오테이프나",
      "발급할",
      "사실이",
      "고용주",
      "경우만",
      "범칙금",
      "고용주등",
      "사람이나",
      "조까지",
      "조부터"
    ],
    "일신전속적": [
      "승계되지",
      "효과도",
      "상속재산",
      "가능하도록",
      "원칙입니다",
      "행정질서벌",
      "부과되고",
      "제재로서",
      "감경이",
      "사망한"
    ],
    "제재로서": [
      "효과도",
      "미치는",
      "원칙입니다",
      "금전적",
      "일신전속적",
      "부과되고",
      "구별되는",
      "아니한다고",
      "감경이",
      "경미한"
    ],
    "원칙입니다": [
      "효과도",
      "법위반",
      "동일성이",
      "규범적",
      "일신전속적",
      "부과되고",
      "포괄하여",
      "있었던",
      "제재로서",
      "일정기간"
    ],
    "질서위반행위자가": [
      "고용주",
      "고용하고",
      "고려한",
      "법이나",
      "사람이나",
      "고용주등",
      "판단하여야",
      "없다는",
      "원칙입니다",
      "발생하지"
    ],
    "없다는": [
      "징수절차가",
      "질서위반행위자가",
      "종료되는",
      "납부하면",
      "감경된",
      "임의적",
      "인정된다고",
      "규정할",
      "행정상",
      "정해진"
    ],
    "있어서는": [
      "문제될",
      "살펴보면",
      "방지하고",
      "구별되는",
      "신중하게",
      "고용하고",
      "효과도",
      "것이어야",
      "위하여는",
      "것이라면"
    ],
    "여부가": [
      "판례는",
      "계속하여",
      "문제된다",
      "하는바",
      "정해진",
      "개별법상",
      "발생하지",
      "납부의무는",
      "범칙금",
      "지방세기본법"
    ],
    "이른바": [
      "사안은",
      "않거나",
      "으로서",
      "일부가",
      "납부하면",
      "행정질서벌로서",
      "적용되지",
      "위반자",
      "주어야",
      "사회적"
    ],
    "으로서": [
      "이른바",
      "일부가",
      "국가기관",
      "납부하면",
      "독자적인",
      "해당하",
      "상대방이",
      "감경은",
      "해당하는지",
      "공공기관"
    ],
    "일부가": [
      "세무서장은",
      "해제할",
      "으로서",
      "이른바",
      "압류가",
      "제출하지",
      "납부하면",
      "납부된",
      "정하",
      "압류할"
    ],
    "장애인": [
      "장애인복지법",
      "국민기초생활",
      "납부의무자",
      "가족이",
      "대표자가",
      "감경할",
      "고용보험법",
      "경우라도",
      "감경사유가",
      "채무자"
    ],
    "알려야": [
      "공청회",
      "신용정보",
      "결정되는",
      "보유하고",
      "그로부터",
      "관허사업",
      "신속한",
      "당사자등이",
      "납부가",
      "부여하고"
    ],
    "체납자": [
      "영치가",
      "경과하였으며",
      "준용할",
      "합계가",
      "반환할",
      "체납발생일부터",
      "천재지변이나",
      "체납한",
      "납부능력이",
      "재판절차"
    ],
    "체납하고": [
      "경과하였으며",
      "합계가",
      "납부능력이",
      "천재지변이나",
      "생계유지",
      "이상인",
      "강제집행",
      "등록번호판이",
      "체납발생일부터",
      "있음에도"
    ],
    "체납발생일부터": [
      "합계가",
      "천재지변이나",
      "경과하였으며",
      "문제되는",
      "살펴보면",
      "체납한",
      "체납횟수",
      "허가",
      "고지서",
      "이상인"
    ],
    "천만원": [
      "중가산금이",
      "아니하거나",
      "경과하였으며",
      "있음에도",
      "보입니다",
      "위반하여",
      "부과한다",
      "긴급히",
      "신용정보",
      "경고문구"
    ],
    "이상인": [
      "경과하였으며",
      "합계가",
      "영업소",
      "천재지변이나",
      "체납횟수",
      "체납발생일부터",
      "체납액",
      "체납금액",
      "있지는",
      "체납하고"
    ],
    "정하는": [
      "대통령령으",
      "대통령령이",
      "압류할",
      "보건복지부령이",
      "반환하여야",
      "이상인",
      "금액이",
      "주어야",
      "제목개정",
      "신용정보"
    ],
    "체납한": [
      "경과하였으며",
      "합계가",
      "납부능력이",
      "체납금액",
      "체납발생일부터",
      "있음에도",
      "천재지변이나",
      "살펴보면",
      "체납자",
      "효과도"
    ],
    "체납자가": [
      "관계가",
      "채무자",
      "징수하게",
      "곤란한",
      "형사소송법",
      "납부된",
      "세무서장은",
      "기산하고",
      "기재된",
      "재산이"
    ],
    "재판절차": [
      "형사소송법",
      "긴급한",
      "지방법원",
      "규칙",
      "관하여는",
      "반하지",
      "비용은",
      "납부된",
      "체납자",
      "법원"
    ],
    "지방법원": [
      "법원",
      "재판절차",
      "비송사건절차법",
      "준용하도록",
      "이의가",
      "백상지",
      "규칙",
      "행위는",
      "주소가",
      "있는바"
    ],
    "체납된": [
      "가산하여",
      "경과할",
      "납부기한까지",
      "적용하게",
      "납부기한이",
      "부하지",
      "초과하지",
      "산하여",
      "개월이",
      "중가산금은"
    ],
    "이의가": [
      "사항이",
      "비송사건절차법",
      "적법한",
      "지방법원",
      "처분이",
      "부과한",
      "납부능력이",
      "주택법",
      "송달이",
      "검사가"
    ],
    "의료기관": [
      "보건소",
      "보건",
      "체육시설",
      "영유아보육법",
      "도서관법",
      "대안교육기관",
      "도서관",
      "흡연실은",
      "사무실",
      "운동장"
    ],
    "지원": [
      "생활터",
      "지역금연지원센터",
      "역량강화",
      "흡연예방",
      "금연교육",
      "금연환경",
      "확인서",
      "금연사업",
      "금연치료",
      "우수사례"
    ],
    "지역사회": [
      "역량강화",
      "생활터",
      "금연환경",
      "지역사회중심",
      "수행기관",
      "우수사례",
      "금연정책",
      "국가금연정책",
      "통합건강증진사업",
      "참고자료"
    ],
    "정책": [
      "가지고",
      "년까지",
      "규제",
      "담배규제기본협약",
      "사실상",
      "기관이",
      "공공장소",
      "담배광고",
      "포괄적",
      "제출된"
    ],
    "역량강화": [
      "금연상담사",
      "생활터",
      "우수사례",
      "금연환경",
      "전문치료형",
      "온라인",
      "금연사업",
      "지원",
      "상담서비스",
      "지역사회"
    ],
    "있으나": [
      "느껴질",
      "불쾌한",
      "천천히",
      "두근거림",
      "어지러움",
      "식은땀",
      "호흡곤란",
      "중지하고",
      "주의사항",
      "때까지"
    ],
    "전문치료형": [
      "금연캠프",
      "생활터",
      "지역금연지원센터",
      "금연환경",
      "역량강화",
      "프로그램",
      "스트레스",
      "금연치료",
      "니코틴보조제",
      "금연상담전화"
    ],
    "지역금연지원센터": [
      "생활터",
      "수행기관",
      "전문치료형",
      "우수사례",
      "흡연예방",
      "금연캠프",
      "지원",
      "금연환경",
      "금연사업",
      "찾아가는"
    ],
    "안내": [
      "금연정책",
      "통합건강증진사업",
      "국가금연정책",
      "지역사회중심",
      "참고자료",
      "담배규제기본협약",
      "금연지원서비스",
      "지역사회",
      "금연캠프",
      "대학생"
    ],
    "지역사회중심": [
      "국가금연정책",
      "참고자료",
      "통합건강증진사업",
      "금연정책",
      "금연지원서비스",
      "지역사회",
      "안내",
      "등록카드",
      "맞춤형",
      "담배규제"
    ],
    "참고자료": [
      "국가금연정책",
      "지역사회중심",
      "통합건강증진사업",
      "금연지원서비스",
      "안내",
      "지역사회",
      "금연정책",
      "담배규제",
      "수행기관",
      "맞춤형"
    ],
    "청소년": [
      "어린이집",
      "대학생",
      "흡연예방",
      "고등학교",
      "도서관",
      "캠페인",
      "흡연율",
      "공공기관",
      "금연관련",
      "지역금연지원센터"
    ],
    "있도록": [
      "달거나",
      "행정기관이",
      "독립된",
      "이용하여",
      "유리한",
      "실효성",
      "하였다",
      "흡연실은",
      "담배",
      "가능하도록"
    ],
    "지자체": [
      "조례안",
      "금연지도원",
      "공공장소",
      "생활터",
      "유의사항",
      "수행기관",
      "금연상담사",
      "세대주",
      "하여금",
      "불과하여"
    ],
    "온라인": [
      "역량강화",
      "교육",
      "수행기관",
      "금연지원",
      "맞춤형",
      "대학생",
      "흡연자",
      "서비스",
      "신청서",
      "금연캠프"
    ],
    "어린이": [
      "도서관",
      "폐의약품",
      "수거함",
      "주민센터",
      "고등학교",
      "가급적",
      "공공장소",
      "불쾌한",
      "체육시설",
      "도서관법"
    ],
    "점유자": [
      "흡연실은",
      "관리자",
      "설치하여야",
      "알리는",
      "소유자",
      "확인서",
      "대안교육기관",
      "운동장",
      "성인인증장치",
      "흡연실"
    ],
    "알리는": [
      "설치하여야",
      "달거나",
      "점유자",
      "대통령령이",
      "운동장",
      "소유자",
      "대안교육기관",
      "관리자",
      "영유아보육법",
      "누구든지"
    ],
    "있으며": [
      "소명하여",
      "행정기관",
      "통지할",
      "응하여야",
      "폐의약품",
      "공고일부터",
      "설치하여야",
      "수거함",
      "자체가",
      "운동장"
    ],
    "운동장": [
      "대안교육기관",
      "도서관법",
      "영유아보육법",
      "체육시설",
      "설치하여야",
      "도서관",
      "알리는",
      "점유자",
      "어린이집",
      "의료기관"
    ],
    "영유아보육법": [
      "도서관법",
      "운동장",
      "도서관",
      "대안교육기관",
      "의료기관",
      "건강",
      "어린이집",
      "설치하여야",
      "주택법",
      "규칙"
    ],
    "어린이집": [
      "유치원",
      "대안교육기관",
      "고등학교",
      "청소년",
      "공공기관",
      "영유아보육법",
      "법정",
      "운동장",
      "도서관법",
      "도서관"
    ],
    "자동차관리법": [
      "말소등록",
      "정기검사",
      "자동차등록령",
      "위반하여",
      "아니하고",
      "개정되기",
      "해당되는",
      "그러한",
      "항제",
      "체납발생일부터"
    ],
    "이용자": [
      "국가금연지원서비스",
      "흡연실은",
      "온라인신청",
      "화면구조",
      "서비스",
      "상담서비스",
      "금연지원서비스",
      "수행기관",
      "금연상담전화",
      "설치하여야"
    ],
    "전체가": [
      "민사집행규칙",
      "강제집행",
      "달거나",
      "흡연실은",
      "관계된",
      "가지고",
      "민사집행법",
      "한정하여",
      "따라야",
      "자동차가"
    ],
    "적용": [
      "개정법",
      "폐의약품",
      "시간적",
      "수거함",
      "주민센터",
      "가급적",
      "형사소송법",
      "년까지",
      "당사자",
      "범위"
    ],
    "어려운": [
      "강제집행",
      "주무관청이",
      "독자적인",
      "어려울",
      "관허사업",
      "곤란한",
      "생활터",
      "상담서비스",
      "궐련형",
      "우수사례"
    ],
    "인정되는": [
      "관계가",
      "채무자",
      "재산이",
      "동일성이",
      "인정된다고",
      "법위반",
      "포괄하여",
      "규범적",
      "행방이",
      "결손처분"
    ],
    "채무자": [
      "납부의무자",
      "고용보험법",
      "가족이",
      "관계가",
      "사업이",
      "곤란하거나",
      "장애인복지법",
      "국민기초생활",
      "생계유지가",
      "재산이"
    ],
    "인정된다고": [
      "실질적",
      "관련성",
      "체납할",
      "때문입니다",
      "행정법상",
      "규정할",
      "이처럼",
      "하려면",
      "제한하는",
      "가능하도록"
    ],
    "재산이": [
      "행방이",
      "분명하지",
      "결손처분",
      "소멸시효가",
      "완성된",
      "인정된다고",
      "취소하고",
      "징수할",
      "규정할",
      "채무자"
    ],
    "위해서는": [
      "하는바",
      "것이어야",
      "살펴보면",
      "체납횟수",
      "때문입니다",
      "요구된다",
      "근거하여",
      "인정된다고",
      "구별되는",
      "자동차손해배상보장법"
    ],
    "엄격하게": [
      "방지하고",
      "살펴보면",
      "구별되는",
      "해석이",
      "적용하여야",
      "문제되는",
      "실효성",
      "행정질서벌로서",
      "있어서",
      "행정상"
    ],
    "위반행위규제법": [
      "질서",
      "요건이",
      "부과되었지만",
      "중가산금은",
      "중가산금이",
      "있더라도",
      "엄격하게",
      "항이",
      "것이나",
      "위규제법"
    ],
    "영업소": [
      "음식점",
      "이상인",
      "송달할",
      "분별할",
      "교부함으로써",
      "만나지",
      "피용자",
      "지능이",
      "사무소",
      "사무원"
    ],
    "전자우편주소": [
      "분별할",
      "피용자",
      "지능이",
      "송달할",
      "사무원",
      "교부함으로써",
      "만나지",
      "쉽도록",
      "일간신문",
      "보존하여야"
    ],
    "지능이": [
      "교부함으로써",
      "만나지",
      "피용자",
      "분별할",
      "사무원",
      "송달할",
      "전자우편주소",
      "송달은",
      "송달한",
      "쉽도록"
    ],
    "일간신문": [
      "쉽도록",
      "인터넷에도",
      "공고하고",
      "보존하여야",
      "통상적인",
      "불가능한",
      "송달할",
      "송달이",
      "전자우편주소",
      "공고일부터"
    ],
    "인터넷에도": [
      "공고하고",
      "쉽도록",
      "보존하여야",
      "일간신문",
      "불가능한",
      "통상적인",
      "공고일부터",
      "송달이",
      "송달할",
      "분별할"
    ],
    "이용하여": [
      "보존하여야",
      "대통령령으",
      "긴급히",
      "시행하여야",
      "긴급한",
      "설립된",
      "불가능한",
      "일반적",
      "통상적인",
      "아니할"
    ],
    "징수절차는": [
      "부과될",
      "금액은",
      "반환할",
      "절차는",
      "감경된",
      "부적법한",
      "감경사유가",
      "납부하면",
      "감경할",
      "절차가"
    ],
    "질서위반행위규제": [
      "반영하여",
      "요건이",
      "보유한",
      "부적법한",
      "방지하고",
      "제기할",
      "이의제기가",
      "대리인",
      "적법한",
      "징수는"
    ],
    "유의사항": [
      "세대주",
      "동의서",
      "않아도",
      "조례안",
      "반드시",
      "흡연실",
      "조사가",
      "지자체",
      "있으나",
      "내용이"
    ],
    "조사가": [
      "발생하였다는",
      "합리적",
      "의심이",
      "사무소",
      "인정할",
      "하여금",
      "필요하다고",
      "하고자",
      "해석이",
      "적용하여야"
    ],
    "요건이": [
      "규정하여",
      "중가산금은",
      "과실이",
      "항이",
      "않는다고",
      "위반행위규제법",
      "대상인",
      "여기서",
      "질서",
      "받아야"
    ],
    "제한이": [
      "체납횟수",
      "있지는",
      "천재지변이나",
      "것이어야",
      "자동차손해배상보장법",
      "합계가",
      "포함하여",
      "기관이",
      "체납발생일부터",
      "있어서"
    ],
    "있어서": [
      "방지하고",
      "엄격하게",
      "문제되는",
      "살펴보면",
      "개정되기",
      "구별되는",
      "제한이",
      "사업이",
      "즉시항고",
      "특별히"
    ],
    "정지": [
      "천재지변이나",
      "주무관청이",
      "관허사업",
      "경과하였으며",
      "방지하고",
      "응하여야",
      "살펴보면",
      "합계가",
      "중대한",
      "체납발생일부터"
    ],
    "체납할": [
      "실질적",
      "관련성",
      "인정된다고",
      "행정법상",
      "때문입니다",
      "요구된다",
      "체납금액",
      "이처럼",
      "제한하는",
      "체납횟수"
    ],
    "요구된다": [
      "체납할",
      "살펴보면",
      "체납횟수",
      "체납금액",
      "체납액",
      "납부능력이",
      "있음에도",
      "생계유지",
      "아니다",
      "관련성"
    ],
    "이처럼": [
      "인정된다고",
      "실질적",
      "관련성",
      "체납할",
      "때문입니다",
      "행정법상",
      "하려면",
      "된다고",
      "제한하는",
      "압류등록된"
    ],
    "제한하는": [
      "부과하거나",
      "체납할",
      "인정된다고",
      "실질적",
      "관련성",
      "조항",
      "새롭게",
      "행정법상",
      "때문입니다",
      "것이어야"
    ],
    "않는다고": [
      "차용한",
      "요건이",
      "과실이",
      "질서위반행위로서",
      "있지는",
      "청구할",
      "행정질서벌",
      "판례는",
      "해당한다고",
      "대리인"
    ],
    "옥외광고물": [
      "광고물",
      "관리법",
      "신고하여야",
      "해석이",
      "부과받은",
      "허용되지",
      "않는다고",
      "단순히",
      "허가",
      "부과가"
    ],
    "있거나": [
      "가지고",
      "결정하여",
      "기관이",
      "사실상",
      "종료되지",
      "관허사업",
      "스트레스",
      "곤란한",
      "때문입니다",
      "어려울"
    ],
    "체납횟수": [
      "있지는",
      "체납액",
      "살펴보면",
      "체납금액",
      "문제되는",
      "포함하여",
      "합계가",
      "제한이",
      "고지서",
      "체납할"
    ],
    "질서위반행위로서": [
      "법위반",
      "포괄하여",
      "동일성이",
      "사안은",
      "있었던",
      "단일성",
      "신고가",
      "규범적",
      "부과되어야",
      "신고한"
    ],
    "인정되지": [
      "질서위반행위로서",
      "포괄하여",
      "동일성이",
      "종료되는",
      "단일성",
      "법위반",
      "제도적",
      "있었던",
      "법인격이",
      "부과되어야"
    ],
    "질서위": [
      "반행위규제법",
      "차용한",
      "유의해야",
      "서위반행위규제법",
      "유리한",
      "동일성이",
      "해당하는지",
      "저촉되는",
      "하였더라도",
      "하는바"
    ],
    "위반행위": [
      "위반자",
      "개정되기",
      "밝혀진",
      "측면이",
      "원칙입니다",
      "부과기준은",
      "때문입니다",
      "정기검사",
      "관계가",
      "보유한"
    ],
    "주택법": [
      "아파트",
      "단일성",
      "지하주차장",
      "보입니다",
      "이의가",
      "규범적",
      "부과기준",
      "영업소",
      "특별자치도지사",
      "이상인"
    ],
    "유치원": [
      "어린이집",
      "고등학교",
      "법정",
      "대안교육기관",
      "영유아보육법",
      "음식점",
      "주의사항",
      "금연구역",
      "운동장",
      "법령"
    ],
    "제척기간이": [
      "그로부터",
      "도과한",
      "적용됩니다",
      "공시송달",
      "자동차등록령",
      "제척기간",
      "신고하지",
      "종료된",
      "근거가",
      "의무가"
    ],
    "의무가": [
      "그로부터",
      "제척기간이",
      "적용됩니다",
      "부과처분",
      "신고하지",
      "자동차등록령",
      "된다고",
      "징수가",
      "상속인은",
      "가능하도록"
    ],
    "자동차등록령": [
      "그로부터",
      "해당합니다",
      "제척기간이",
      "기재된",
      "소유자는",
      "습니다",
      "대통령령이",
      "의미합니다",
      "소유자가",
      "의무가"
    ],
    "취소하고": [
      "분명하지",
      "행방이",
      "소멸시효가",
      "재산이",
      "완성된",
      "강제집행",
      "압류할",
      "징수할",
      "결손처분",
      "관련성"
    ],
    "처분이": [
      "행정처분이",
      "법원이",
      "없더라도",
      "하도록",
      "된다고",
      "가능할",
      "이의가",
      "당사자등이",
      "신속한",
      "법인은"
    ],
    "첨부하여": [
      "기간연장",
      "제출하여야",
      "보건교육",
      "받으려는",
      "신중하게",
      "생계유지",
      "결정하여",
      "사실상",
      "한정하여",
      "직접적인"
    ],
    "적용되지": [
      "소유권",
      "납부하고",
      "적용되는",
      "이른바",
      "납부의무자",
      "사안은",
      "승계되지",
      "규제법",
      "납부의무는",
      "행정법"
    ],
    "징수하도록": [
      "조항",
      "적용할",
      "새롭게",
      "제한하는",
      "아니할",
      "지방세기본법",
      "지방세",
      "납부기한",
      "가지고",
      "대리인"
    ],
    "정해진": [
      "동일하게",
      "납부하면",
      "관리법",
      "범칙금",
      "판단되어야",
      "여부가",
      "제외하고",
      "소멸시효",
      "기간은",
      "납부기한이"
    ],
    "중대한": [
      "천재지변이나",
      "사업이",
      "곤란하거나",
      "곤란한",
      "하자가",
      "생계유지가",
      "정지",
      "합계가",
      "것이어야",
      "고용보험법"
    ],
    "체육시설": [
      "의료기관",
      "운동장",
      "보건",
      "규칙",
      "된다고",
      "영업소",
      "어린이",
      "고등학교",
      "경우도",
      "법령"
    ],
    "전화번호": [
      "백상지",
      "생년월일",
      "신청서",
      "해당되는",
      "주소지",
      "감면제도",
      "구청장",
      "대상자명",
      "상담사명",
      "사항이"
    ],
    "연구": [
      "자료원",
      "담배규제",
      "보건교육",
      "국가금연지원서비스",
      "권리가",
      "건강",
      "대통령령이",
      "금연교육",
      "제목개정",
      "금연상담"
    ],
    "지방자치단체는": [
      "국가",
      "제목개정",
      "국민건강영양조사",
      "불과하여",
      "시행하여야",
      "보건복지부령이",
      "중가산금이",
      "대통령령이",
      "연구",
      "법인격이"
    ],
    "제목개정": [
      "국민건강영양조사",
      "대통령령이",
      "지방자치단체는",
      "연구",
      "내용은",
      "보건복지부장관",
      "보건복지부장관은",
      "국가",
      "당사자등이",
      "구청장은"
    ],
    "정하고": [
      "이의제",
      "임의적",
      "있더라도",
      "필요는",
      "있으면",
      "주소가",
      "대통령령이",
      "규정하",
      "저촉되는",
      "알리는"
    ],
    "이행하지": [
      "강제집행",
      "계속해서",
      "부하지",
      "경고문구",
      "분할납부",
      "어려운",
      "사용자",
      "취소하고",
      "주무관청이",
      "아니하거나"
    ],
    "징수한다": [
      "가산하여",
      "산하여",
      "징수하는",
      "초과하지",
      "부하지",
      "경과할",
      "납부기한까지",
      "납부기한이",
      "제기하지",
      "개월이"
    ],
    "아니하고": [
      "징수하게",
      "제기하지",
      "변경한",
      "압류가",
      "새롭게",
      "징수한다",
      "산하여",
      "위반하여",
      "부담하고",
      "가산하여"
    ],
    "응하여야": [
      "소명하여",
      "행정기관",
      "요청할",
      "결정되는",
      "정지",
      "공공기관",
      "납부기한까지",
      "보유하고",
      "관허사업",
      "경과할"
    ],
    "유효기간": [
      "정기검사",
      "기산하고",
      "날로서",
      "유의해야",
      "피상속인",
      "계속하여",
      "대통령령으",
      "날로부터",
      "받아야",
      "부득이한"
    ],
    "전까지": [
      "이의신청",
      "위하여는",
      "송달한",
      "하고자",
      "조사가",
      "하려면",
      "발생하였다는",
      "합리적",
      "유효기간",
      "의심이"
    ],
    "제출하지": [
      "소유권이",
      "않아도",
      "않더라도",
      "일부가",
      "변경되거나",
      "위반자",
      "간주하여",
      "아니고",
      "압류가",
      "아니하거나"
    ],
    "전자담배": [
      "궐련형",
      "유해성",
      "담배",
      "캠페인",
      "년까지",
      "흡연예방",
      "담배광고",
      "담배는",
      "경고그림",
      "담배제품"
    ],
    "유해성": [
      "캠페인",
      "의무화",
      "흡연예방",
      "전자담배",
      "궐련형",
      "경고그림",
      "사무실",
      "담배",
      "담뱃갑",
      "담배는"
    ],
    "입니다": [
      "담배는",
      "차용한",
      "해석상",
      "결정되는",
      "보유하고",
      "간접흡연",
      "효과도",
      "공법상",
      "않는다는",
      "행정법"
    ],
    "않는다는": [
      "차용한",
      "신중하게",
      "국가기관",
      "그러한",
      "해석상",
      "자체가",
      "부과는",
      "고려하면",
      "허용되지",
      "단순한"
    ],
    "적용될": [
      "명시적",
      "성격이",
      "고려하면",
      "대해서도",
      "규정된",
      "공법상",
      "지방세징수법",
      "국세징수법",
      "있다면",
      "법적"
    ],
    "의무는": [
      "규정되어",
      "청구할",
      "아닙니다",
      "가능할",
      "납부하면",
      "대표자가",
      "부담하게",
      "감경된",
      "해당하는지",
      "규정된"
    ],
    "의무화": [
      "유해성",
      "담배광고",
      "담뱃갑",
      "가향물질",
      "경고그림",
      "년까지",
      "공공장소",
      "궐련형",
      "사무실",
      "규제"
    ],
    "주의사항": [
      "중지하고",
      "호흡곤란",
      "두근거림",
      "어지러움",
      "식은땀",
      "않도록",
      "불쾌한",
      "수거함",
      "천천히",
      "니코틴껌"
    ],
    "주민센터": [
      "폐의약품",
      "수거함",
      "가급적",
      "않도록",
      "중지하고",
      "세대주",
      "주의사항",
      "불쾌한",
      "어린이",
      "지하주차장"
    ],
    "천천히": [
      "느껴질",
      "불쾌한",
      "니코틴껌",
      "때까지",
      "중지하고",
      "있으나",
      "두근거림",
      "어지러움",
      "식은땀",
      "호흡곤란"
    ],
    "어지러움": [
      "두근거림",
      "식은땀",
      "호흡곤란",
      "중지하고",
      "불쾌한",
      "부작용",
      "느껴질",
      "니코틴껌",
      "주의사항",
      "천천히"
    ],
    "중지하고": [
      "두근거림",
      "어지러움",
      "식은땀",
      "호흡곤란",
      "불쾌한",
      "부작용",
      "주의사항",
      "느껴질",
      "천천히",
      "니코틴껌"
    ],
    "않습니다": [
      "납부의무는",
      "발생하지",
      "있지는",
      "승계되지",
      "체납횟수",
      "해당되는",
      "사안은",
      "효력은",
      "규정할",
      "공고일부터"
    ],
    "없더라도": [
      "반영하여",
      "가능하도록",
      "단순히",
      "제척기간이",
      "처분이",
      "이의제기가",
      "가담한",
      "근거가",
      "법원이",
      "새로운"
    ],
    "체납처분": [
      "상속인",
      "납부의무",
      "징수유예등",
      "부하지",
      "대상은",
      "가산금",
      "적용될",
      "결손처분",
      "이의제기",
      "분할납부나"
    ],
    "징수유예": [
      "분할납부나",
      "곤란하다고",
      "체납처",
      "규정하지",
      "준용하도록",
      "있었다",
      "집행할",
      "국민기초생활",
      "결정할",
      "종료한"
    ],
    "준용하도록": [
      "지방회계법",
      "징수유예",
      "해석상",
      "관하여도",
      "준용할",
      "지방법원",
      "규정하지",
      "있었다",
      "해석할",
      "문제는"
    ],
    "있었다": [
      "시행된",
      "징수유예",
      "위규제법",
      "규정하지",
      "준용하도록",
      "국민",
      "개별법",
      "분할납부나",
      "질서위반행",
      "문제가"
    ],
    "징수유예등": [
      "결정하는",
      "만료될",
      "해소되지",
      "가족이",
      "납부의무자",
      "분할납부나",
      "국민기초생활",
      "효력은",
      "결정할",
      "징수유예"
    ],
    "장애인복지법": [
      "국민기초생활",
      "납부의무자",
      "가족이",
      "장애인",
      "고용보험법",
      "채무자",
      "보장법",
      "감경할",
      "경우라도",
      "감경사유가"
    ],
    "중요한": [
      "하자가",
      "있지는",
      "것이어야",
      "위하여는",
      "아닙니다",
      "부과는",
      "어려울",
      "징수가",
      "명백한",
      "제출된"
    ],
    "아니할": [
      "징수하도록",
      "부과합니다",
      "하고자",
      "경고문구",
      "근거한",
      "현저히",
      "이용하여",
      "준용할",
      "곤란하거나",
      "성질상"
    ],
    "원인이": [
      "압류등록된",
      "소유권이",
      "변경되거나",
      "등록번호",
      "않더라도",
      "신속한",
      "법인인",
      "있다는",
      "하려면",
      "아니하면"
    ],
    "정하": [
      "신고하여야",
      "처리하는",
      "일부가",
      "광고물",
      "징수유예",
      "행정기관이",
      "분할납부나",
      "곤란하다고",
      "호부터",
      "응하여야"
    ],
    "적용된다": [
      "적용하게",
      "부과되었지만",
      "상대방이",
      "등록번호판이",
      "적용하는",
      "과태료부터",
      "인식할",
      "필요는",
      "송달할",
      "적법하게"
    ],
    "있다는": [
      "징수절차가",
      "제출할",
      "행정처분이",
      "원인이",
      "없다는",
      "하자가",
      "해석이",
      "것이어야",
      "중요한",
      "소멸시효가"
    ],
    "제출한": [
      "종료되는",
      "의견이",
      "상당한",
      "이유가",
      "통지하고",
      "당사자등이",
      "주어야",
      "제출할",
      "감경은",
      "변경할"
    ],
    "임의적": [
      "개별법상",
      "압류등록된",
      "체납액",
      "있더라도",
      "가능할",
      "납부하면",
      "자동차가",
      "정하고",
      "해제할",
      "가담한"
    ],
    "저촉되는": [
      "유리한",
      "것이라고",
      "임의적",
      "따른다",
      "국민",
      "있었다",
      "따르도록",
      "내용은",
      "시행된",
      "서위반행위규제법"
    ],
    "유리한": [
      "아니다",
      "저촉되는",
      "것이라고",
      "내용은",
      "구체적인",
      "국민",
      "하였다",
      "부과기준",
      "형법",
      "것으로서"
    ],
    "있더라도": [
      "임의적",
      "부과되었지만",
      "중가산금이",
      "도과한",
      "중가산금은",
      "서위반행위규제법",
      "아닙니다",
      "명시하고",
      "아니다",
      "가입의무"
    ],
    "의심이": [
      "발생하였다는",
      "합리적",
      "조사가",
      "사무소",
      "인정할",
      "하여금",
      "필요하다고",
      "근거하여",
      "하고자",
      "위반행위가"
    ],
    "처리하는": [
      "판례는",
      "지방자치단체가",
      "해당한다고",
      "하는바",
      "부과는",
      "부과하",
      "해당합니다",
      "않더라도",
      "경우라면",
      "정하"
    ],
    "위하여는": [
      "것이어야",
      "명백한",
      "행정처분이",
      "있어서는",
      "하자가",
      "중요한",
      "전까지",
      "하도록",
      "중대한",
      "것으로서"
    ],
    "월보고": [
      "보고구분",
      "사업보고",
      "흡연구역현황",
      "실적보고",
      "담배판매",
      "당기보고",
      "모니터링",
      "클릭하여",
      "금연환경조성",
      "접근방법"
    ],
    "찾아가는": [
      "생활터",
      "수행기관",
      "시도",
      "금연환경",
      "금연상담사",
      "금연사업",
      "지역금연지원센터",
      "등록카드",
      "금연클리닉",
      "전문치료형"
    ],
    "운전자가": [
      "밝혀진",
      "해당합니다",
      "법이나",
      "범칙금",
      "동법",
      "도로교통법",
      "아니고",
      "고용주등",
      "비디오테이프나",
      "원칙입니다"
    ],
    "초과하지": [
      "산하여",
      "가산하여",
      "징수하는",
      "납부기한까지",
      "경과할",
      "징수한다",
      "부하지",
      "납부기한이",
      "개월이",
      "중가산금"
    ],
    "의미합니다": [
      "날로서",
      "완성된",
      "위법상태가",
      "종료된",
      "정기검사",
      "자동차손해배상",
      "부여하고",
      "신고하지",
      "유의해야",
      "날로부터"
    ],
    "질서위반행위는": [
      "부과하지",
      "없거나",
      "과실이",
      "판단할",
      "인하여",
      "시행된",
      "부과합니다",
      "자동차등록령",
      "규정하",
      "대리인"
    ],
    "지방자치단체가": [
      "처리하는",
      "판례는",
      "경우도",
      "부과한",
      "해당한다고",
      "불과하여",
      "하고자",
      "있어서는",
      "해당하는지",
      "하는바"
    ],
    "일정기간": [
      "규범적",
      "판단해야",
      "동일성이",
      "구별되는",
      "의무보험",
      "원칙입니다",
      "있었던",
      "가입의무",
      "행위는",
      "제재로서"
    ],
    "징수는": [
      "보유한",
      "압류는",
      "가능할",
      "보유하고",
      "규정하는",
      "지방세",
      "민사집행법",
      "경우가",
      "대상인",
      "규정한"
    ],
    "압류할": [
      "대통령령으",
      "징수하게",
      "금액이",
      "미치지",
      "행방이",
      "분명하지",
      "국민기초생활",
      "세무서장은",
      "지방세징수법",
      "취소하고"
    ],
    "자동차가": [
      "압류등록된",
      "관계된",
      "영치할",
      "영치가",
      "임의적",
      "소유권",
      "변경되거나",
      "소유권이",
      "아니하면",
      "체납액"
    ],
    "아니면": [
      "효과도",
      "부과되었지만",
      "적용하게",
      "것이라면",
      "위반행위자",
      "판단해야",
      "미치는",
      "부과되고",
      "동법",
      "소멸시효"
    ],
    "적용하게": [
      "부과되었지만",
      "과태료부터",
      "부과되고",
      "대해서",
      "적용된다",
      "아니면",
      "범위는",
      "동법",
      "시행",
      "체납"
    ],
    "절차가": [
      "종료되지",
      "액수가",
      "변경되거나",
      "근거한",
      "징수절차는",
      "가볍게",
      "것이나",
      "반환할",
      "적용되는",
      "이루어진"
    ],
    "적용한다": [
      "법은",
      "경과조치",
      "과태료부터",
      "일반적",
      "가볍게",
      "되거나",
      "대하여도",
      "법률이",
      "공청회",
      "변경된"
    ],
    "체납금액": [
      "체납횟수",
      "있지는",
      "체납할",
      "납부능력이",
      "있음에도",
      "합계가",
      "요구된다",
      "체납액",
      "경과하였으며",
      "포함하여"
    ],
    "있지는": [
      "체납횟수",
      "체납금액",
      "포함하여",
      "규정할",
      "기관이",
      "체납할",
      "제한이",
      "천재지변이나",
      "합계가",
      "있음에도"
    ],
    "적용이": [
      "경우도",
      "법령상",
      "가능합니다",
      "감경은",
      "경우라면",
      "자진납부",
      "이루어진",
      "적용할",
      "개별법",
      "감경할"
    ],
    "온라인신청": [
      "등록한다",
      "국가금연지원서비스",
      "이용자",
      "대상자리스트조회",
      "대상자",
      "리스트",
      "선택하여",
      "클릭하면",
      "조회된다",
      "선택된"
    ],
    "아파트": [
      "지하주차장",
      "주택법",
      "해당하는지",
      "가능한",
      "판단되어야",
      "동일하게",
      "지역금연지원센터",
      "여부는",
      "생활터",
      "엘리베이터"
    ],
    "우수사례": [
      "역량강화",
      "공지사항",
      "지역금연지원센터",
      "금연환경조성",
      "생활터",
      "금연캠프",
      "상담서비스",
      "항목",
      "흡연예방",
      "금연사업"
    ],
    "제도적": [
      "종료되는",
      "되는지",
      "기한이",
      "담배규제",
      "행정절차",
      "인정되지",
      "하려는",
      "자진납부",
      "상당한",
      "이유가"
    ],
    "주무관청이": [
      "영치한",
      "정지",
      "강제집행",
      "어려운",
      "통지할",
      "등록번호",
      "등록번호판이",
      "관허사업",
      "통지하여야",
      "생계유지"
    ],
    "어려울": [
      "곤란한",
      "징수가",
      "문제가",
      "부과는",
      "주소지",
      "가족이",
      "어려운",
      "중대한",
      "중요한",
      "후에도"
    ],
    "준용할": [
      "지방회계법",
      "반하지",
      "해석상",
      "관하여도",
      "특별히",
      "준용하도록",
      "해석할",
      "문제는",
      "일반적",
      "있는데"
    ],
    "조항": [
      "징수하도록",
      "새롭게",
      "제한하는",
      "담배규제",
      "적용할",
      "준용할",
      "담배규제기본협약",
      "위반자",
      "반하지",
      "공시송달"
    ],
    "조례안": [
      "금연지도원",
      "근거하여",
      "지자체",
      "유의사항",
      "금연환경",
      "점유자",
      "금지",
      "포함한",
      "전자담배",
      "사항은"
    ],
    "아니고": [
      "소유권이",
      "정책적",
      "적용하는",
      "밝혀진",
      "행정질서벌로서",
      "압류가",
      "변경되거나",
      "압류등록된",
      "있으면",
      "위반자"
    ],
    "적용하는": [
      "아니고",
      "가볍게",
      "행정질서벌",
      "현저히",
      "규정하지",
      "상당하다고",
      "금전적",
      "행정질서벌로서",
      "그러한",
      "적용되는"
    ],
    "액수가": [
      "않거나",
      "종료되지",
      "시점부터",
      "가볍게",
      "절차가",
      "부과하면",
      "것이며",
      "적용하도록",
      "구체적인",
      "처분은"
    ],
    "적용하도록": [
      "시점부터",
      "변경되거나",
      "적용하여야",
      "않거나",
      "개정법",
      "부동산",
      "법률이",
      "가볍게",
      "액수가",
      "변경된"
    ],
    "자체가": [
      "상대방이",
      "고려하면",
      "아니라고",
      "발생하게",
      "인식할",
      "행정처분이",
      "효력은",
      "송달이",
      "않는다는",
      "행정절차법"
    ],
    "종료되지": [
      "절차가",
      "액수가",
      "근거한",
      "된다고",
      "가볍게",
      "변경되거나",
      "징수절차가",
      "하자가",
      "납부가",
      "변경할"
    ],
    "아니하면": [
      "요하지",
      "유의해야",
      "영치할",
      "자동차가",
      "가산하여",
      "소급하여",
      "중가산금은",
      "체납발생일부터",
      "등록번호",
      "중가산금"
    ],
    "여전히": [
      "납부의무는",
      "납부하고",
      "승계되지",
      "되는바",
      "문제는",
      "가지는",
      "납부의무자",
      "행정질서벌로서",
      "부담하게",
      "소유권"
    ],
    "적용되는": [
      "지방회계법",
      "되는바",
      "적용되지",
      "항이",
      "해석상",
      "적용하는",
      "소유권",
      "관하여도",
      "준용할",
      "여전히"
    ],
    "적법하게": [
      "납부된",
      "발생하게",
      "책임이",
      "인식할",
      "행정절차법",
      "소급하여",
      "상대방이",
      "법령이",
      "적용됩니다",
      "것이라면"
    ],
    "이루어진": [
      "소유권이",
      "변경되거나",
      "않더라도",
      "적법하게",
      "것이라면",
      "있으면",
      "공시송달",
      "위반자",
      "승계되지",
      "압류등록된"
    ],
    "일반적": [
      "경과조치",
      "대하여도",
      "과태료부터",
      "미치지",
      "준용할",
      "적용한다",
      "발생한",
      "법은",
      "반하지",
      "법령이"
    ],
    "의견이": [
      "당사자등이",
      "제출할",
      "주어야",
      "제출한",
      "통지하고",
      "제출된",
      "변경할",
      "공청회",
      "이유가",
      "상당한"
    ],
    "절차는": [
      "반하지",
      "지방회계법",
      "종료되는",
      "징수절차는",
      "규정하지",
      "반환할",
      "독립된",
      "간주하여",
      "감경사유가",
      "것이라면"
    ],
    "종료되는": [
      "제도적",
      "되는지",
      "기한이",
      "상당한",
      "규정하지",
      "하려는",
      "인정되지",
      "제출한",
      "이유가",
      "절차는"
    ],
    "적용하여": [
      "방지하고",
      "엄격하게",
      "규범적",
      "실효성",
      "납부된",
      "납부가",
      "납부한",
      "금액이",
      "있어서",
      "개별법"
    ],
    "측면이": [
      "유효한",
      "부과처분이",
      "것이나",
      "위반행위",
      "필요가",
      "하여금",
      "부과한",
      "제척기간",
      "사전통지",
      "원인이"
    ],
    "유의해야": [
      "날로서",
      "소급하여",
      "날로부터",
      "정기검사",
      "유효기간",
      "위법상태가",
      "아니하면",
      "중가산금",
      "의무보험",
      "자동차손해배상"
    ],
    "압류는": [
      "징수는",
      "생긴다",
      "송달한",
      "법인은",
      "가능할",
      "부동산",
      "법인격이",
      "규정된",
      "사실상",
      "민사집행법"
    ],
    "압류등록된": [
      "자동차가",
      "임의적",
      "소유권",
      "소유권이",
      "체납액",
      "아니고",
      "압류가",
      "변경되거나",
      "관계된",
      "있으면"
    ],
    "않아도": [
      "소유권이",
      "않더라도",
      "변경되거나",
      "제출하지",
      "위반자",
      "유의사항",
      "백상지",
      "영치한",
      "가능한",
      "이루어진"
    ],
    "제출하여야": [
      "압류등록된",
      "기간연장",
      "생계유지",
      "첨부하여",
      "압류가",
      "직접적인",
      "생계유지가",
      "한정하여",
      "등록번호판",
      "소유권이"
    ],
    "압류가": [
      "징수하게",
      "소유권이",
      "아니고",
      "새롭게",
      "일부가",
      "변경되거나",
      "압류등록된",
      "있으면",
      "제기하지",
      "지방세징수법"
    ],
    "있으면": [
      "하였더라도",
      "소유권이",
      "아니고",
      "부과는",
      "압류가",
      "변경되거나",
      "상속재산",
      "것인바",
      "실효성",
      "압류등록된"
    ],
    "위반자": [
      "소유권이",
      "변경되거나",
      "확인서",
      "아니고",
      "않아도",
      "위반행위",
      "않거나",
      "않더라도",
      "조항",
      "이른바"
    ],
    "엘리베이터": [
      "지하주차장",
      "세대주",
      "동일하게",
      "동의서",
      "특별자치시장",
      "아파트",
      "특별자치도지사",
      "주택법",
      "주민센터",
      "백상지"
    ],
    "정기검사": [
      "유효기간",
      "날로서",
      "유의해야",
      "피상속인",
      "날로부터",
      "받아야",
      "위법상태가",
      "의미합니다",
      "계속하여",
      "대통령령으"
    ],
    "인정될": [
      "징수유예등",
      "행정법",
      "일정기간",
      "현저히",
      "결정하는",
      "곤란하거나",
      "따르지",
      "취소하고",
      "고려할",
      "징수할"
    ],
    "요하지": [
      "상속이",
      "아니하면",
      "소유권",
      "상속인은",
      "피상속인",
      "부담하게",
      "개시된",
      "생긴다",
      "단순한",
      "중가산금은"
    ],
    "있는데": [
      "대상은",
      "준용할",
      "지방세기본법",
      "않는다는",
      "행정법",
      "법령이",
      "행정법상",
      "규정하지",
      "고려하면",
      "과실이"
    ],
    "아니한다고": [
      "하는바",
      "명시적",
      "위규제법",
      "단순한",
      "제재로서",
      "해당할",
      "질서위반행",
      "과실이",
      "법제처",
      "동법"
    ],
    "위반행위자": [
      "효과도",
      "것이라면",
      "발생하게",
      "아니면",
      "판단해야",
      "송달할",
      "감경사유가",
      "미치는",
      "사무소",
      "주소지"
    ],
    "재단으로서": [
      "관리인이",
      "자연인",
      "법인격이",
      "법인이",
      "대표자가",
      "효과도",
      "당사자인",
      "대표자",
      "가지고",
      "일신전속적"
    ],
    "절차로서": [
      "필요는",
      "당사",
      "의견제출",
      "규정하는",
      "사전통지",
      "감경된",
      "반드시",
      "없습니다",
      "질서위반행위가",
      "대상"
    ],
    "제기할": [
      "집행은",
      "없었던",
      "아니라고",
      "즉시항고",
      "판단되어야",
      "내용이",
      "부과처분은",
      "이의제기가",
      "부적법한",
      "비용은"
    ],
    "위탁할": [
      "체납처",
      "상당하다고",
      "태료",
      "검사가",
      "부과한",
      "단일성",
      "검사는",
      "확정된",
      "보건복지부장관이",
      "통보하여야"
    ],
    "체납처": [
      "징수유예",
      "위탁할",
      "분할납부나",
      "규정하였다",
      "서위반행위규제법",
      "태료",
      "사망한",
      "지방세",
      "국세기본법",
      "부과한"
    ],
    "징수하는": [
      "산하여",
      "가산하여",
      "초과하지",
      "징수한다",
      "납부기한까지",
      "경과할",
      "중가산금은",
      "부하지",
      "납부기한이",
      "법이"
    ],
    "징수가": [
      "어려울",
      "분명하지",
      "부하지",
      "주소지",
      "중가산금",
      "동일하게",
      "부과는",
      "문제가",
      "의무가",
      "조항"
    ],
    "자로서": [
      "법이",
      "천재지변이나",
      "권리가",
      "자동차손해배상",
      "행정질서벌",
      "경과하였으며",
      "합계가",
      "체납발생일부터",
      "보건교육",
      "하려면"
    ],
    "영치한": [
      "주무관청이",
      "등록번호판이",
      "번호판",
      "통지할",
      "등록번호",
      "곤란하다고",
      "생계유지",
      "영치할",
      "않아도",
      "관계된"
    ],
    "영치할": [
      "등록번호판이",
      "관계된",
      "생계유지",
      "자동차가",
      "아니하면",
      "영치한",
      "일시해제",
      "체납발생일부터",
      "직접적인",
      "체납금액"
    ],
    "지방회계법": [
      "반하지",
      "해석상",
      "관하여도",
      "반환할",
      "준용할",
      "준용하도록",
      "해석할",
      "문제는",
      "절차는",
      "관리법"
    ],
    "이의신청": [
      "없었던",
      "상당하다고",
      "검사가",
      "송달한",
      "검사는",
      "전까지",
      "법원은",
      "백상지",
      "명백한",
      "도과한"
    ],
    "일시해제": [
      "결정하여",
      "등록번호판",
      "관련성",
      "생계유지",
      "강제집행",
      "기간은",
      "금액은",
      "결정하는",
      "직접적인",
      "등록번호판이"
    ],
    "위규제법": [
      "질서위반행",
      "아니한다고",
      "있었다",
      "하는바",
      "시행된",
      "명시적",
      "실효성",
      "해석이",
      "부과하여야",
      "항이"
    ],
    "없으면": [
      "현저히",
      "제출된",
      "내용이",
      "공법상",
      "상속재산",
      "요청한",
      "갈음할",
      "가능합니다",
      "누구든지",
      "행정기관이"
    ],
    "중가산금은": [
      "중가산금이",
      "경과할",
      "요건이",
      "개월이",
      "가산하여",
      "시점부터",
      "납부기한이",
      "부하지",
      "날로부터",
      "가산금이"
    ],
    "중가산금이": [
      "중가산금은",
      "가산금이",
      "아니다",
      "부과되었지만",
      "경과할",
      "있더라도",
      "서위반행위규제법",
      "개월이",
      "중가산금",
      "가산하여"
    ],
    "음식점": [
      "영업소",
      "공공장소",
      "가향물질",
      "담뱃갑",
      "어린이집",
      "유치원",
      "도서관",
      "자료원",
      "어린이",
      "구체적인"
    ],
    "있다면": [
      "포함하여",
      "경우도",
      "가산금이",
      "적용될",
      "밝혀진",
      "부과처분은",
      "발생할",
      "채무자",
      "기관이",
      "운전자가"
    ],
    "주소가": [
      "비송사건절차법",
      "적당하다고",
      "주소지",
      "행정기관",
      "가지는",
      "지방법원",
      "더블클릭하면",
      "대해서",
      "재산이",
      "정하고"
    ],
    "인식할": [
      "상대방이",
      "통상적인",
      "송달이",
      "자체가",
      "적법하게",
      "기산하고",
      "행정절차법",
      "가능성이",
      "적용됩니다",
      "공시송달"
    ],
    "제출된": [
      "없으면",
      "공청회",
      "의견이",
      "것이라고",
      "사항이",
      "아닙니다",
      "누구든지",
      "판단하여",
      "행정상",
      "정책"
    ],
    "주소지": [
      "송달할",
      "발생하게",
      "사무원",
      "교부함으로써",
      "만나지",
      "피용자",
      "사무소",
      "주소가",
      "발생하지",
      "위반행위자"
    ],
    "적용됩니다": [
      "그로부터",
      "제척기간이",
      "발생하게",
      "상대방이",
      "말소등록",
      "인식할",
      "송달이",
      "행정절차법",
      "적법하게",
      "송달은"
    ],
    "지방세기본법": [
      "국세기본법",
      "소급하여",
      "분할납부나",
      "징수하도록",
      "압류등록된",
      "결정이",
      "있는데",
      "해석이",
      "아닙니다",
      "소멸시효"
    ],
    "있었던": [
      "포괄하여",
      "동일성이",
      "단일성",
      "법위반",
      "규범적",
      "질서위반행위로서",
      "부과되어야",
      "사안은",
      "원칙입니다",
      "일정기간"
    ],
    "자료원": [
      "연구",
      "공공장소",
      "국민건강영양조사",
      "간접흡연",
      "담배는",
      "흡연율",
      "국가금연정책",
      "참고자료",
      "통합건강증진사업",
      "지역사회중심"
    ],
    "아니라고": [
      "결정되는",
      "자체가",
      "제기할",
      "부동산",
      "하자가",
      "단순히",
      "부과처분은",
      "적용될",
      "여부는",
      "판단할"
    ],
    "징수하게": [
      "압류가",
      "새롭게",
      "압류할",
      "제기하지",
      "가능하다고",
      "지방세징수법",
      "압류",
      "서위반행위규제법",
      "지방세",
      "가능합니다"
    ],
    "없거나": [
      "질서위반행위는",
      "긴급히",
      "분별할",
      "판단할",
      "일간신문",
      "구별된다",
      "교부함으로써",
      "만나지",
      "피용자",
      "지능이"
    ],
    "천재지변이나": [
      "합계가",
      "중대한",
      "체납발생일부터",
      "있지는",
      "제한이",
      "정지",
      "허가",
      "경과하였으며",
      "체납횟수",
      "자로서"
    ],
    "이의제": [
      "청구할",
      "필요는",
      "결정으로써",
      "갈음할",
      "통보해야",
      "부적법한",
      "정하고",
      "가산금이",
      "납부기한",
      "습니다"
    ],
    "영치가": [
      "유추적용할",
      "반환하여야",
      "반환할",
      "번호판",
      "관계된",
      "해석할",
      "따르도록",
      "체납자",
      "자동차가",
      "권리가"
    ],
    "체납액": [
      "체납횟수",
      "살펴보면",
      "납부능력이",
      "임의적",
      "납부하면",
      "요구된다",
      "체납금액",
      "압류등록된",
      "해제할",
      "경과하였으며"
    ],
    "지하주차장": [
      "엘리베이터",
      "동일하게",
      "세대주",
      "아파트",
      "해당되는",
      "주택법",
      "주민센터",
      "판단하여",
      "백상지",
      "동의서"
    ],
    "입출고": [
      "행동요법",
      "화면구조",
      "보조제",
      "등록한다",
      "상세정보",
      "금액은",
      "조회일자",
      "조회된다",
      "조회조건",
      "보건복지부담당"
    ]
  }
}