{
  "metadata": {
    "totalKeywords": 800,
    "totalSynonyms": 10000,
    "createdAt": "2025-10-31T23:16:10.501Z",
    "version": "2.2",
    "method": "embedding-cooccurrence-wordnet",
    "embeddingWeight": 0.5,
    "cooccurrenceWeight": 0.3,
    "wordnetWeight": 0.2,
    "chunked": true,
    "maxSynonymsPerKeyword": 10,
    "group": "group1",
    "keywordsCount": 295
  },
  "synonymMappings": {
    "금연사업담당자": [
      "더블클릭하면",
      "선택한",
      "사용자매뉴얼",
      "클릭하여",
      "조회된다",
      "매뉴구조",
      "화면개요",
      "사용방법",
      "월보고",
      "사업보고"
    ],
    "관리상태": [
      "조회일자",
      "소속명",
      "대상자명",
      "상담사명",
      "대상자리스트조회",
      "대상자리스트",
      "조회된",
      "선택된",
      "등록번호",
      "리스트"
    ],
    "대상자명": [
      "상담사명",
      "소속명",
      "조회일자",
      "관리상태",
      "대상자리스트조회",
      "대상자리스트",
      "등록번호",
      "조회된",
      "선택된",
      "리스트"
    ],
    "등록번호": [
      "대상자명",
      "상담사명",
      "소속명",
      "조회일자",
      "관리상태",
      "대상자리스트조회",
      "대상자리스트",
      "영치한",
      "조회된",
      "선택된"
    ],
    "공통버튼": [
      "선택한",
      "더블클릭하면",
      "조회일자",
      "조회된다",
      "조회된",
      "대상자리스트조회",
      "관리상태",
      "소속명",
      "조회조건",
      "대상자리스트"
    ],
    "대상자리스트": [
      "대상자명",
      "상담사명",
      "관리상태",
      "소속명",
      "조회일자",
      "조회된",
      "대상자리스트조회",
      "리스트",
      "등록번호",
      "클릭하면"
    ],
    "대상자리스트조회": [
      "조회일자",
      "관리상태",
      "소속명",
      "대상자명",
      "상담사명",
      "선택된",
      "조회된",
      "리스트",
      "대상자리스트",
      "조회된다"
    ],
    "대상자": [
      "대상자명",
      "상담사명",
      "소속명",
      "대상자리스트조회",
      "대상자리스트",
      "관리상태",
      "상담",
      "상담기록지",
      "조회일자",
      "리스트"
    ],
    "금연서비스": [
      "통합정보시스템",
      "사용자매뉴얼",
      "등록자",
      "사용자",
      "코티닌",
      "화면구성",
      "금연사업담당자",
      "협력기관",
      "더블클릭하면",
      "공통버튼"
    ],
    "등록자": [
      "금연상담서비스",
      "조회일자",
      "관리상태",
      "소속명",
      "대상자명",
      "상담사명",
      "대상자리스트조회",
      "대상자리스트",
      "리스트",
      "금연클리닉"
    ],
    "과태료": [
      "납부의무",
      "제척기간",
      "이의제기",
      "부과처분이",
      "재판이",
      "도과한",
      "유효한",
      "적법한",
      "부과처분은",
      "변경되거나"
    ],
    "대하여": [
      "집행할",
      "종료한",
      "기한이",
      "제기하지",
      "되는바",
      "부하지",
      "설립된",
      "부과되었지만",
      "상속재산",
      "사망한"
    ],
    "개별법": [
      "구별된다",
      "감경사유가",
      "있었다",
      "시행된",
      "유의해야",
      "의무보험",
      "가능하도록",
      "개별법상",
      "위규제법",
      "기간이"
    ],
    "가능한": [
      "아파트",
      "해당하는지",
      "않더라도",
      "소유권이",
      "판단되어야",
      "흡연실은",
      "않아도",
      "의무보험",
      "분명하지",
      "여부는"
    ],
    "구별된다": [
      "경미한",
      "존재하지",
      "의무보험",
      "개별법",
      "직접적인",
      "것으로서",
      "않는다",
      "근거하여",
      "없거나",
      "부과되는"
    ],
    "것으로서": [
      "구별된다",
      "차용한",
      "것이어야",
      "고용보험법",
      "납부의무자",
      "간주하여",
      "고용주",
      "가족이",
      "규정할",
      "적용된다"
    ],
    "관계가": [
      "채무자",
      "하려는",
      "인정되는",
      "체납자가",
      "징수할",
      "대리인",
      "없다고",
      "재산이",
      "민법",
      "있다고"
    ],
    "감경이": [
      "개별법상",
      "되는지",
      "효과도",
      "일신전속적",
      "원칙입니다",
      "해석할",
      "제재로서",
      "유효한",
      "부과되고",
      "관리인이"
    ],
    "가능한지": [
      "불과하여",
      "감경이",
      "부과가",
      "처리하는",
      "일신전속적",
      "옥외광고물",
      "행정질서벌",
      "새롭게",
      "광고물",
      "징수하게"
    ],
    "따르면": [
      "인식할",
      "민사집행규칙",
      "것이라면",
      "자동차등록령",
      "자연인",
      "되는지",
      "간주하여",
      "상속인은",
      "판례는",
      "가입의무"
    ],
    "대법원": [
      "선고",
      "판결",
      "인식할",
      "상당합니다",
      "소급하여",
      "질서위반행위로서",
      "판례는",
      "적용하여야",
      "해석이",
      "요하지"
    ],
    "과태료가": [
      "포괄하여",
      "동일성이",
      "법위반",
      "규범적",
      "단일성",
      "부과되었지만",
      "중가산금이",
      "체납횟수",
      "있었던",
      "적용하게"
    ],
    "관하여": [
      "관하여도",
      "대리인",
      "차용한",
      "유추적용할",
      "이해관계",
      "것이어야",
      "관허사업",
      "사안은",
      "지방회계법",
      "준용하도록"
    ],
    "동법": [
      "부과되었지만",
      "적용하게",
      "운전자가",
      "아니면",
      "밝혀진",
      "부과합니다",
      "규제",
      "대해서",
      "포괄적",
      "부과한"
    ],
    "대상이": [
      "판단되어야",
      "운전자가",
      "규정되어",
      "밝혀진",
      "재단으로서",
      "되는바",
      "개정되기",
      "불과하여",
      "발생하였다는",
      "합리적"
    ],
    "되는바": [
      "여전히",
      "신고한",
      "후에도",
      "부과하면",
      "적법한",
      "적용되는",
      "위반행위가",
      "국민",
      "부과해야",
      "의하면"
    ],
    "경우로서": [
      "행방이",
      "분명하지",
      "부과하면",
      "유의해야",
      "완성된",
      "의무보험",
      "소멸시효가",
      "일정기간",
      "결손처분",
      "것이나"
    ],
    "구체적": [
      "것이어야",
      "실질적",
      "결정되는",
      "유리한",
      "하는바",
      "관하여도",
      "해석이",
      "인정된다고",
      "자동차손해배상보장법",
      "것이라고"
    ],
    "규정이": [
      "가볍게",
      "되거나",
      "법률이",
      "보존하여야",
      "경과조치",
      "법은",
      "적용한다",
      "처분은",
      "변경된",
      "적용하도록"
    ],
    "곤란한": [
      "어려울",
      "중대한",
      "천재지변이나",
      "생계유지",
      "직접적인",
      "기간연장",
      "생계유지가",
      "관허사업",
      "인하여",
      "결정하여"
    ],
    "고려하여": [
      "그러한",
      "금액은",
      "흡연구역",
      "압류할",
      "대통령령으",
      "국가기관",
      "달거나",
      "신중하게",
      "일시해제",
      "금액이"
    ],
    "경우에도": [
      "영치가",
      "징수절차는",
      "있더라도",
      "제한하는",
      "불과하여",
      "징수유예",
      "운전자가",
      "부적법한",
      "신고하여야",
      "것이라고"
    ],
    "따른다": [
      "저촉되는",
      "요청한",
      "긴급히",
      "시행하여야",
      "되거나",
      "반환하여야",
      "공고일부터",
      "처분은",
      "재판이",
      "법률이"
    ],
    "당사자등이": [
      "대표자가",
      "의견이",
      "통지할",
      "공청회",
      "대표자",
      "제출한",
      "처분이",
      "반하여",
      "해당하",
      "전문개정"
    ],
    "당사자": [
      "개정법",
      "납부의무",
      "재단으로서",
      "자연인",
      "관리인이",
      "보유한",
      "행정청",
      "일시해제",
      "조사가",
      "민사집행규칙"
    ],
    "때까지": [
      "천천히",
      "느껴질",
      "불쾌한",
      "만료될",
      "해소되지",
      "두근거림",
      "어지러움",
      "식은땀",
      "한정하여",
      "니코틴껌"
    ],
    "대표자": [
      "재단으로서",
      "관리인이",
      "대리인",
      "대표자가",
      "당사자등이",
      "법인격이",
      "법인은",
      "자연인",
      "분별할",
      "것이나"
    ],
    "대표자가": [
      "당사자등이",
      "당사자인",
      "관리인이",
      "재단으로서",
      "감경은",
      "의무는",
      "행위는",
      "장애인",
      "제법",
      "대표자"
    ],
    "따르지": [
      "부과합니다",
      "대표자가",
      "위반하여",
      "인정될",
      "제출하지",
      "근거한",
      "해석이",
      "아니한",
      "당사자등이",
      "변경한"
    ],
    "대하여는": [
      "없었던",
      "집행은",
      "제기할",
      "청구할",
      "경과하였으며",
      "민사집행규칙",
      "계속해서",
      "형사소송법",
      "민사집행법",
      "이의신청"
    ],
    "대리인": [
      "법인",
      "대표자",
      "관계가",
      "않는다고",
      "경우가",
      "대표자가",
      "징수하도록",
      "부과되고",
      "지방세기본법",
      "질서위반행위규제"
    ],
    "경우만": [
      "발급할",
      "비디오테이프나",
      "입증되고",
      "범칙금",
      "법이나",
      "고용주",
      "고용하고",
      "사실이",
      "사람이나",
      "보건복지부장관"
    ],
    "관하여는": [
      "형사소송법",
      "재판절차",
      "결정으로써",
      "긴급한",
      "경과조치",
      "행위는",
      "일반적",
      "반하지",
      "갈음할",
      "제출된"
    ],
    "납부할": [
      "상속이",
      "개시된",
      "법인은",
      "행정기관이",
      "것이나",
      "경우라면",
      "납부의무가",
      "감경사유가",
      "적용하는",
      "되는지"
    ],
    "납부한": [
      "유추적용할",
      "징수절차가",
      "납부가",
      "징수절차는",
      "이해관계",
      "영치한",
      "감경된",
      "반하여",
      "적용하여",
      "납부된"
    ],
    "납부가": [
      "이해관계",
      "유추적용할",
      "경우라면",
      "효력은",
      "청구할",
      "것인바",
      "유효한",
      "법이",
      "징수절차가",
      "허용되지"
    ],
    "경우라면": [
      "이해관계",
      "유추적용할",
      "납부가",
      "반하여",
      "성질상",
      "청구할",
      "허용되지",
      "것인바",
      "유효한",
      "사법"
    ],
    "것인바": [
      "이해관계",
      "해석이",
      "납부가",
      "유추적용할",
      "하였더라도",
      "유효한",
      "청구할",
      "있으면",
      "경우라면",
      "감경은"
    ],
    "감경된": [
      "징수절차가",
      "징수절차는",
      "납부하면",
      "감경사유가",
      "의무는",
      "결정이",
      "질서위반행위자가",
      "없다는",
      "납부한",
      "납부가"
    ],
    "그런데": [
      "압류가",
      "새롭게",
      "징수하게",
      "감경은",
      "문제된다",
      "소유권이",
      "징수하도록",
      "압류등록된",
      "유추적용할",
      "이해관계"
    ],
    "감경은": [
      "대표자가",
      "것인바",
      "이해관계",
      "자진납부",
      "것이고",
      "적용이",
      "납부가",
      "당사자인",
      "제출한",
      "유추적용할"
    ],
    "가담한": [
      "미치지",
      "결정이",
      "대하여도",
      "동일하게",
      "임의적",
      "형법",
      "종료된",
      "반영하여",
      "공시송달",
      "없더라도"
    ],
    "경과한": [
      "경과할",
      "가산하여",
      "개월이",
      "부하지",
      "납부기한이",
      "중가산금은",
      "공고일부터",
      "납부기한까지",
      "날로부터",
      "산하여"
    ],
    "결정이": [
      "대상은",
      "가담한",
      "항에도",
      "분할납부나",
      "종료된",
      "제척기간",
      "확정된",
      "부과처분은",
      "지방세기본법",
      "감경된"
    ],
    "날부터": [
      "없었던",
      "가산하여",
      "부하지",
      "납부기한까지",
      "납부기한이",
      "경과할",
      "개월이",
      "결정이",
      "산하여",
      "기산하고"
    ],
    "과태": [
      "신고하여야",
      "유추적용할",
      "이해관계",
      "대해서",
      "이른바",
      "체납횟수",
      "변경한",
      "집행은",
      "부과되고",
      "있는데"
    ],
    "규정하는": [
      "징수는",
      "보유한",
      "실질적",
      "근거한",
      "항이",
      "해당하여",
      "상당합니다",
      "절차로서",
      "문제될",
      "질서위반행"
    ],
    "날로서": [
      "위법상태가",
      "유의해야",
      "완성된",
      "의미합니다",
      "날로부터",
      "정기검사",
      "유효기간",
      "하고자",
      "의무보험",
      "자동차손해배상"
    ],
    "대해서는": [
      "피상속인",
      "대통령령으",
      "압류할",
      "감경사유가",
      "부과하면",
      "부담하게",
      "상속인은",
      "독자적인",
      "의무는",
      "날로서"
    ],
    "기간이": [
      "만료될",
      "해소되지",
      "한정하여",
      "유의해야",
      "이의제",
      "규정할",
      "이의가",
      "개별법",
      "적법한",
      "의견제출"
    ],
    "검사는": [
      "없었던",
      "이의신청",
      "상당하다고",
      "위탁할",
      "결정은",
      "즉시항고",
      "법원은",
      "검사가",
      "체납처",
      "생긴다"
    ],
    "경우가": [
      "있었다",
      "압류는",
      "대리인",
      "징수는",
      "시행된",
      "이의가",
      "이의제",
      "행정절차",
      "납부하여야",
      "가능성이"
    ],
    "결정으로써": [
      "갈음할",
      "생긴다",
      "적당하다고",
      "결정은",
      "재판은",
      "이의제",
      "법원이",
      "관하여는",
      "행위는",
      "인정하는"
    ],
    "갈음할": [
      "결정으로써",
      "적당하다고",
      "생긴다",
      "결정은",
      "재판은",
      "따라야",
      "이의제",
      "법원이",
      "공시송달",
      "인정하는"
    ],
    "공시송달": [
      "도과한",
      "공고일부터",
      "쉽도록",
      "일간신문",
      "사무원",
      "인터넷에도",
      "제척기간이",
      "불가능한",
      "갈음할",
      "인식할"
    ],
    "따라야": [
      "갈음할",
      "생긴다",
      "적당하다고",
      "민사집행규칙",
      "결정은",
      "강제집행",
      "전체가",
      "사항이",
      "가지고",
      "긴급한"
    ],
    "기재된": [
      "정책적",
      "해석할",
      "자동차등록령",
      "즉시항고",
      "내용이",
      "내용은",
      "절차는",
      "체납자가",
      "제출하여야",
      "소멸시효"
    ],
    "동일한": [
      "소멸시효",
      "규범적",
      "있었던",
      "불과하여",
      "개정되기",
      "신중하게",
      "포괄하여",
      "동일성이",
      "판례는",
      "광고물"
    ],
    "관련하여": [
      "불과하여",
      "지방자치단체가",
      "문제되는",
      "처리하는",
      "소멸시효",
      "흡연실은",
      "단순한",
      "않는다는",
      "준용할",
      "판례는"
    ],
    "규정": [
      "국토교통부",
      "저촉되는",
      "유리한",
      "따르도록",
      "적용됩니다",
      "경과조치",
      "것이라고",
      "종료되지",
      "적용하도록",
      "상속이"
    ],
    "국세기본법": [
      "지방세기본법",
      "상속이",
      "소멸시효",
      "법인은",
      "당사자인",
      "납부의무가",
      "체납처",
      "소멸시효가",
      "해석이",
      "설립된"
    ],
    "동일하게": [
      "지하주차장",
      "정해진",
      "가담한",
      "관련한",
      "엘리베이터",
      "소멸시효",
      "미치지",
      "아파트",
      "징수가",
      "서위반행위규제법"
    ],
    "개정되기": [
      "소멸시효",
      "개정된",
      "위반행위",
      "있어서",
      "소유자가",
      "변경된",
      "동일한",
      "대상이",
      "시행규칙",
      "해당하지"
    ],
    "납부기한까지": [
      "부하지",
      "가산하여",
      "초과하지",
      "납부기한이",
      "산하여",
      "경과할",
      "징수하는",
      "개월이",
      "징수한다",
      "중가산금은"
    ],
    "납부하지": [
      "가산하여",
      "납부기한까지",
      "산하여",
      "경과할",
      "징수하게",
      "초과하지",
      "납부기한이",
      "영치한",
      "징수한다",
      "새롭게"
    ],
    "단순한": [
      "아니한다고",
      "현저히",
      "불과하여",
      "적당하다고",
      "요하지",
      "소멸시효",
      "않는다는",
      "행정처분이",
      "행정상",
      "신속한"
    ],
    "과태료는": [
      "효과도",
      "집행할",
      "일신전속적",
      "원칙입니다",
      "종료한",
      "금전적",
      "제재로서",
      "행정질서벌",
      "행정질서벌로서",
      "기한이"
    ],
    "경우는": [
      "적용하여야",
      "인정된다고",
      "지방자치단체가",
      "규정할",
      "호부터",
      "하였더라도",
      "처리하는",
      "가능할",
      "경우도",
      "판례는"
    ],
    "가능할": [
      "징수는",
      "납부하면",
      "때문입니다",
      "의무는",
      "압류는",
      "체납액",
      "임의적",
      "문제될",
      "압류등록된",
      "처분이"
    ],
    "납부하면": [
      "체납액",
      "정해진",
      "징수절차가",
      "가능할",
      "때문입니다",
      "의무는",
      "으로서",
      "임의적",
      "감경된",
      "이른바"
    ],
    "금전적": [
      "경미한",
      "법이",
      "행정질서벌",
      "제재로서",
      "행정법",
      "아니고",
      "적용하는",
      "자로서",
      "행정기관이",
      "가능할"
    ],
    "강제집행": [
      "민사집행규칙",
      "민사집행법",
      "전체가",
      "관련성",
      "일시해제",
      "가지고",
      "어려운",
      "규정되어",
      "주무관청이",
      "금액은"
    ],
    "가산금": [
      "부하지",
      "중가산금은",
      "중가산금이",
      "중가산금",
      "경과할",
      "체납처분",
      "가산하여",
      "납부기한이",
      "납부기한까지",
      "산하여"
    ],
    "가입의무": [
      "의무보험",
      "자동차손해배상",
      "피상속인",
      "부여하고",
      "민사집행규칙",
      "상속이",
      "상속인은",
      "개시된",
      "위법상태가",
      "소유자가"
    ],
    "단순히": [
      "없더라도",
      "해석이",
      "판단해야",
      "결정되는",
      "소유권이",
      "피상속인",
      "상속인은",
      "아니다",
      "문제될",
      "보유하고"
    ],
    "개시된": [
      "상속이",
      "상속인은",
      "법인은",
      "피상속인",
      "살펴보면",
      "상속인",
      "구별되는",
      "대상은",
      "가입의무",
      "요하지"
    ],
    "도로교통법": [
      "고용주등",
      "사람이나",
      "고용하고",
      "운전자가",
      "고용주",
      "밝혀진",
      "법이나",
      "입증되고",
      "비디오테이프나",
      "자동차손해배상보장법"
    ],
    "고려한": [
      "질서위반행위자가",
      "해석이",
      "보유한",
      "것인바",
      "고용주",
      "고용주등",
      "고용하고",
      "사람이나",
      "통상적인",
      "조사가"
    ],
    "고용주": [
      "정책적",
      "발급할",
      "비디오테이프나",
      "않더라도",
      "반영하여",
      "질서위반행위자가",
      "고용하고",
      "입증되고",
      "법이나",
      "사람이나"
    ],
    "고용주등": [
      "고용하고",
      "사람이나",
      "법이나",
      "질서위반행위자가",
      "입증되고",
      "소유자는",
      "고용주",
      "도로교통법",
      "고려한",
      "비디오테이프나"
    ],
    "고용하고": [
      "사람이나",
      "고용주등",
      "법이나",
      "질서위반행위자가",
      "고용주",
      "비디오테이프나",
      "해당한다고",
      "소유자는",
      "있어서는",
      "입증되고"
    ],
    "때문입니다": [
      "인정된다고",
      "실질적",
      "관련성",
      "체납할",
      "행정법상",
      "이처럼",
      "문제될",
      "것이나",
      "제한하는",
      "유효한"
    ],
    "결손처분": [
      "분명하지",
      "재산이",
      "행방이",
      "소멸시효가",
      "완성된",
      "인정된다고",
      "징수할",
      "법인은",
      "취소하고",
      "체납처분"
    ],
    "그로부터": [
      "제척기간이",
      "적용됩니다",
      "자동차등록령",
      "의무가",
      "신용정보",
      "신고가",
      "신고하지",
      "도과한",
      "제척기간",
      "말소등록"
    ],
    "경과하였으며": [
      "합계가",
      "납부능력이",
      "체납횟수",
      "있음에도",
      "체납발생일부터",
      "체납한",
      "이상인",
      "체납하고",
      "문제되는",
      "고지서"
    ],
    "납부능력이": [
      "있음에도",
      "경과하였으며",
      "체납금액",
      "체납액",
      "구별되는",
      "요구된다",
      "합계가",
      "체납할",
      "체납횟수",
      "체납한"
    ],
    "관허사업": [
      "정지",
      "신용정보",
      "부과될",
      "곤란한",
      "천재지변이나",
      "어려운",
      "응하여야",
      "주무관청이",
      "중대한",
      "경과하였으며"
    ],
    "규칙": [
      "재판절차",
      "실질적",
      "근거한",
      "지방법원",
      "체육시설",
      "형사소송법",
      "영유아보육법",
      "관리법",
      "법원",
      "의무보험"
    ],
    "검사가": [
      "집행은",
      "없었던",
      "이의신청",
      "상당하다고",
      "즉시항고",
      "위탁할",
      "이의가",
      "재판은",
      "제기할",
      "계속해서"
    ],
    "납부기한": [
      "납부하여야",
      "기간연장",
      "분할납부",
      "이의제",
      "징수하도록",
      "필요는",
      "전자우편주소",
      "중가산금",
      "것이라면",
      "가산금이"
    ],
    "그러하지": [
      "영치한",
      "해제할",
      "질서위반행위는",
      "법이나",
      "긴급한",
      "등록번호판이",
      "감경할",
      "곤란하다고",
      "통지할",
      "장애인복지법"
    ],
    "결정은": [
      "갈음할",
      "결정으로써",
      "생긴다",
      "적당하다고",
      "재판은",
      "법원이",
      "따라야",
      "즉시항고",
      "근거가",
      "납부된"
    ],
    "금연치료": [
      "프로그램",
      "금연캠프",
      "금연상담전화",
      "생활터",
      "전문치료형",
      "니코틴보조제",
      "지원",
      "지역금연지원센터",
      "금연지원",
      "금연환경"
    ],
    "니코틴보조제": [
      "상담서비스",
      "스트레스",
      "금연관련",
      "전문치료형",
      "금연환경",
      "금연치료",
      "니코틴껌",
      "생활터",
      "수행기관",
      "행동요법"
    ],
    "금연사업": [
      "생활터",
      "역량강화",
      "금연정책",
      "금연환경",
      "전문치료형",
      "지역금연지원센터",
      "찾아가는",
      "지원",
      "수행기관",
      "우수사례"
    ],
    "담배규제": [
      "담배규제기본협약",
      "조항",
      "제도적",
      "담뱃갑",
      "규제",
      "연구",
      "담배제품",
      "담배광고",
      "경고그림",
      "국민"
    ],
    "금연": [
      "대학생",
      "맞춤형",
      "흡연예방",
      "지역사회중심",
      "국가금연정책",
      "참고자료",
      "코티닌",
      "통합건강증진사업",
      "금연상담",
      "지역사회"
    ],
    "금연환경": [
      "생활터",
      "전문치료형",
      "역량강화",
      "지역금연지원센터",
      "금연사업",
      "찾아가는",
      "니코틴보조제",
      "금연캠프",
      "지역사회",
      "지원"
    ],
    "금연지원서비스": [
      "국가금연지원서비스",
      "금연정책",
      "지역사회중심",
      "국가금연정책",
      "생활터",
      "참고자료",
      "통합건강증진사업",
      "전문치료형",
      "이용자",
      "맞춤형"
    ],
    "교육": [
      "금연지원",
      "온라인",
      "전문치료형",
      "금연캠프",
      "생활터",
      "신청서",
      "서비스",
      "금연치료",
      "흡연자",
      "감면제도"
    ],
    "금연캠프": [
      "전문치료형",
      "금연치료",
      "생활터",
      "지역금연지원센터",
      "금연상담전화",
      "프로그램",
      "동의서",
      "금연환경",
      "역량강화",
      "우수사례"
    ],
    "대상": [
      "금연상담서비스",
      "점유자",
      "관리자",
      "흡연예방",
      "특별자치도지사",
      "흡연자",
      "성인인증장치",
      "생활터",
      "특별자치시장",
      "대학생"
    ],
    "국가금연정책": [
      "참고자료",
      "지역사회중심",
      "통합건강증진사업",
      "금연지원서비스",
      "금연정책",
      "안내",
      "지역사회",
      "담배규제",
      "담배는",
      "맞춤형"
    ],
    "국가": [
      "지방자치단체는",
      "처리하는",
      "국민건강영양조사",
      "국가기관",
      "년까지",
      "금연정책",
      "지방자치단체가",
      "자료원",
      "불과하여",
      "행정법"
    ],
    "금연클리닉": [
      "금연상담서비스",
      "니코틴",
      "보건소",
      "등록자",
      "코티닌",
      "보조제",
      "찾아가는",
      "시도",
      "등록카드",
      "금연상담사"
    ],
    "국민": [
      "방지하고",
      "되는바",
      "있었다",
      "유리한",
      "저촉되는",
      "시행된",
      "담배규제",
      "맞춤형",
      "다양한",
      "대학생"
    ],
    "금연관련": [
      "흡연예방",
      "맞춤형",
      "니코틴보조제",
      "비대면",
      "코티닌",
      "궐련형",
      "국가금연지원서비스",
      "시도",
      "금연환경조성",
      "금연교육"
    ],
    "금연상담": [
      "등록자",
      "금연상담사",
      "상담서비스",
      "니코틴보조제",
      "금연관련",
      "지역금연지원센터",
      "금연교육",
      "맞춤형",
      "서비스",
      "연구"
    ],
    "금연환경조성": [
      "상담서비스",
      "우수사례",
      "흡연구역현황",
      "담배는",
      "모니터링",
      "담배판매",
      "금연정책",
      "니코틴보조제",
      "금연관련",
      "월보고"
    ],
    "금연교육": [
      "확인서",
      "보건교육",
      "지원",
      "금연관련",
      "성인인증장치",
      "흡연예방",
      "대학생",
      "금연상담",
      "연구",
      "상담서비스"
    ],
    "금연상담사": [
      "역량강화",
      "수행기관",
      "시도",
      "찾아가는",
      "금연상담",
      "생활터",
      "성인인증장치",
      "등록카드",
      "금연클리닉",
      "등록자"
    ],
    "도지사": [
      "백상지",
      "구청장은",
      "보건복지부장관",
      "구청장",
      "금연지원",
      "통보해야",
      "금연교육",
      "않아도",
      "실시할",
      "신청서"
    ],
    "건강": [
      "영유아보육법",
      "연구",
      "실시할",
      "설치하여야",
      "의무화",
      "일정한",
      "국민건강영양조사",
      "위탁할",
      "지방자치단체는",
      "금연상담사"
    ],
    "금연지도원": [
      "조례안",
      "지자체",
      "역량강화",
      "성인인증장치",
      "백상지",
      "확인서",
      "금연환경조성",
      "수행기관",
      "근거하여",
      "의무화"
    ],
    "국민건강증진법": [
      "성인인증장치",
      "경고문구",
      "의무화",
      "담배규제기본협약",
      "유해성",
      "역량강화",
      "시행규칙",
      "보건복지부",
      "가향물질",
      "담배광고"
    ],
    "금연구역": [
      "법정",
      "대안교육기관",
      "유치원",
      "엘리베이터",
      "흡연실",
      "지하주차장",
      "세대주",
      "성인인증장치",
      "어린이집",
      "점유자"
    ],
    "공중이용시설": [
      "당기보고",
      "실적보고",
      "사업보고",
      "대안교육기관",
      "보고구분",
      "모니터링",
      "법정",
      "경우라도",
      "성인인증장치",
      "흡연실은"
    ],
    "구청장": [
      "백상지",
      "특별자치시장",
      "특별자치도지사",
      "도지사",
      "경우만",
      "보건복지부장관",
      "생년월일",
      "해당되는",
      "전화번호",
      "관리자"
    ],
    "대상자가": [
      "등록한다",
      "금연지원",
      "상담사명",
      "생년월일",
      "항에도",
      "상담",
      "온라인신청",
      "대상자명",
      "대상자",
      "상담기록지"
    ],
    "금연지원": [
      "교육",
      "온라인",
      "서비스",
      "신청서",
      "감면제도",
      "대상자가",
      "금연캠프",
      "금연치료",
      "도지사",
      "대학생"
    ],
    "구청장은": [
      "도지사",
      "특별자치도지사",
      "특별자치시장",
      "통보해야",
      "실시할",
      "금연지원",
      "설치하여야",
      "시행하여야",
      "대상자가",
      "제목개정"
    ],
    "관리자": [
      "점유자",
      "소유자",
      "위반",
      "알리는",
      "달거나",
      "특별자치시장",
      "확인서",
      "성인인증장치",
      "특별자치도지사",
      "흡연실"
    ],
    "대안교육기관": [
      "운동장",
      "유치원",
      "어린이집",
      "도서관법",
      "영유아보육법",
      "고등학교",
      "도서관",
      "점유자",
      "의료기관",
      "설치하여야"
    ],
    "도서관법": [
      "영유아보육법",
      "도서관",
      "운동장",
      "대안교육기관",
      "의료기관",
      "어린이집",
      "포함한",
      "어린이",
      "자동차관리법",
      "법률"
    ],
    "도서관": [
      "어린이",
      "도서관법",
      "영유아보육법",
      "대안교육기관",
      "고등학교",
      "운동장",
      "의료기관",
      "어린이집",
      "청소년",
      "시도"
    ],
    "간접흡연": [
      "담배는",
      "공공장소",
      "자료원",
      "흡연실은",
      "금연환경조성",
      "흡연구역",
      "입니다",
      "대학생",
      "담배광고",
      "국민건강영양조사"
    ],
    "가급적": [
      "폐의약품",
      "수거함",
      "주민센터",
      "않도록",
      "주의사항",
      "불쾌한",
      "어린이",
      "중지하고",
      "느껴질",
      "니코틴"
    ],
    "달거나": [
      "전체가",
      "알리는",
      "흡연구역",
      "보건복지부장관",
      "발생하지",
      "관리자",
      "있도록",
      "않도록",
      "공중이용시설",
      "고려하여"
    ],
    "내용이": [
      "현저히",
      "없으면",
      "제기할",
      "기재된",
      "즉시항고",
      "유의사항",
      "소급하여",
      "제출된",
      "다양한",
      "중요한"
    ],
    "금연상담전화": [
      "프로그램",
      "금연캠프",
      "금연치료",
      "전문치료형",
      "맞춤형",
      "생활터",
      "수행기관",
      "대학생",
      "국가금연지원서비스",
      "지역금연지원센터"
    ],
    "금연상담서비스": [
      "등록자",
      "시도",
      "프로그램",
      "생활터",
      "상담서비스",
      "코티닌",
      "금연클리닉",
      "대상",
      "등록카드",
      "흡연자"
    ],
    "규정할": [
      "인정된다고",
      "있지는",
      "행정절차",
      "의견제출",
      "통지하고",
      "재산이",
      "사전통지",
      "기간이",
      "결손처분",
      "판단할"
    ],
    "가지는": [
      "납부하고",
      "납부의무는",
      "승계되지",
      "법인은",
      "여전히",
      "납부의무",
      "소유권",
      "납부의무자",
      "행정질서벌로서",
      "계속하여"
    ],
    "대하여도": [
      "경과조치",
      "일반적",
      "미치지",
      "가담한",
      "법은",
      "과태료부터",
      "시행된",
      "적용한다",
      "되는바",
      "발생한"
    ],
    "납부의무": [
      "상속인이",
      "가능하도록",
      "상속재산",
      "일신전속적",
      "개정법",
      "가지는",
      "체납처분",
      "사망한",
      "함으로써",
      "상속인"
    ],
    "공고일부터": [
      "긴급히",
      "시행하여야",
      "쉽도록",
      "인터넷에도",
      "공시송달",
      "불가능한",
      "공고하고",
      "일간신문",
      "송달이",
      "통상적인"
    ],
    "당사자는": [
      "결정이",
      "만료될",
      "기간연장",
      "통지하고",
      "법이",
      "생계유지가",
      "해소되지",
      "제출할",
      "주어야",
      "생계유지"
    ],
    "교부함으로써": [
      "만나지",
      "피용자",
      "분별할",
      "지능이",
      "사무원",
      "송달할",
      "송달은",
      "전자우편주소",
      "송달한",
      "쉽도록"
    ],
    "공고하고": [
      "인터넷에도",
      "보존하여야",
      "쉽도록",
      "일간신문",
      "통상적인",
      "불가능한",
      "송달할",
      "송달이",
      "공고일부터",
      "전자우편주소"
    ],
    "긴급히": [
      "시행하여야",
      "공고일부터",
      "경미한",
      "공고하고",
      "쉽도록",
      "인터넷에도",
      "없거나",
      "제외하고는",
      "불가능한",
      "효력이"
    ],
    "것이라고": [
      "부적법한",
      "유리한",
      "이의제기가",
      "통보해야",
      "세무서장은",
      "저촉되는",
      "필요는",
      "제출된",
      "판단하여",
      "습니다"
    ],
    "동의서": [
      "감면제도",
      "세대주",
      "유의사항",
      "금연캠프",
      "전문치료형",
      "항목",
      "엘리베이터",
      "서비스",
      "신청서",
      "지하주차장"
    ],
    "감면제도": [
      "동의서",
      "항목",
      "권리가",
      "신청서",
      "역량강화",
      "금연지원",
      "온라인",
      "프로그램",
      "전문치료형",
      "서비스"
    ],
    "내용은": [
      "살펴보면",
      "방지하고",
      "구별되는",
      "유리한",
      "번호판",
      "반환할",
      "조항",
      "새롭게",
      "엄격하게",
      "문제되는"
    ],
    "구별되는": [
      "살펴보면",
      "일정기간",
      "엄격하게",
      "문제되는",
      "문제될",
      "납부능력이",
      "사업이",
      "있음에도",
      "개시된",
      "행정상"
    ],
    "것이며": [
      "살펴보면",
      "구별되는",
      "시점부터",
      "액수가",
      "개정법",
      "엄격하게",
      "문제되는",
      "체납할",
      "문제될",
      "사업이"
    ],
    "관련성": [
      "인정된다고",
      "실질적",
      "체납할",
      "때문입니다",
      "행정법상",
      "이처럼",
      "하려면",
      "제한하는",
      "일시해제",
      "강제집행"
    ],
    "가능성이": [
      "인식할",
      "체납할",
      "관련성",
      "행정상",
      "고용주등",
      "고려할",
      "해당할",
      "것이고",
      "형법",
      "경우가"
    ],
    "규제법": [
      "방지하고",
      "소유권",
      "적용되지",
      "적용되는",
      "엄격하게",
      "부과하거나",
      "규정하지",
      "실효성",
      "질서위반행위",
      "옥외광고물"
    ],
    "것이어야": [
      "명백한",
      "위하여는",
      "하는바",
      "하자가",
      "행정처분이",
      "자동차손해배상보장법",
      "제한이",
      "행정법상",
      "제한하는",
      "위해서는"
    ],
    "관리법": [
      "옥외광고물",
      "정해진",
      "지방회계법",
      "광고물",
      "부과받은",
      "부과하면",
      "적용할",
      "제외하고",
      "규칙",
      "규제법"
    ],
    "고지서": [
      "체납횟수",
      "합계가",
      "경과하였으며",
      "납부능력이",
      "체납금액",
      "있음에도",
      "체납발생일부터",
      "체납한",
      "이상인",
      "법인인"
    ],
    "담배": [
      "담뱃갑",
      "전자담배",
      "궐련형",
      "유해성",
      "경고그림",
      "담배광고",
      "년까지",
      "의무화",
      "담배는",
      "금지"
    ],
    "금지": [
      "가향물질",
      "담뱃갑",
      "공공장소",
      "년까지",
      "규제",
      "담배광고",
      "경고그림",
      "의무화",
      "포괄적",
      "흡연"
    ],
    "니코틴": [
      "가이드라인",
      "보조제",
      "금연클리닉",
      "폐의약품",
      "수거함",
      "보건소",
      "호흡곤란",
      "두근거림",
      "어지러움",
      "식은땀"
    ],
    "관련한": [
      "하였더라도",
      "동일하게",
      "체납횟수",
      "있지는",
      "있으면",
      "대통령령으",
      "미치지",
      "재판절차",
      "문제되는",
      "체납할"
    ],
    "동일성이": [
      "포괄하여",
      "규범적",
      "법위반",
      "단일성",
      "있었던",
      "질서위반행위로서",
      "원칙입니다",
      "일정기간",
      "판단해야",
      "인정되지"
    ],
    "따르도록": [
      "반환할",
      "영치가",
      "번호판",
      "유추적용할",
      "부과하고",
      "부과기준",
      "실시할",
      "해석할",
      "부과기준은",
      "법령이"
    ],
    "당사": [
      "부과하거나",
      "절차로서",
      "반영하여",
      "지방회계법",
      "이른바",
      "부여하고",
      "가능하도록",
      "필요는",
      "하려면",
      "장애인복지법"
    ],
    "대상인": [
      "보유한",
      "행정법",
      "법이",
      "요건이",
      "법위반",
      "징수는",
      "시행된",
      "금전적",
      "과실이",
      "행정질서벌"
    ],
    "경미한": [
      "구별된다",
      "긴급히",
      "금전적",
      "행정기관이",
      "직접적인",
      "제재로서",
      "부과되는",
      "근거하여",
      "제외하고는",
      "필요가"
    ],
    "고려할": [
      "독립된",
      "일정기간",
      "성격이",
      "반하여",
      "가능성이",
      "않는다고",
      "제법",
      "인정될",
      "질서위반행위규",
      "어려울"
    ],
    "담배제품": [
      "흡연율",
      "고등학교",
      "규제",
      "담배규제",
      "대학생",
      "담배규제기본협약",
      "전자담배",
      "유해성",
      "년까지",
      "금지"
    ],
    "국가금연지원서비스": [
      "이용자",
      "온라인신청",
      "금연지원서비스",
      "연구",
      "캠페인",
      "금연상담전화",
      "금연관련",
      "신청",
      "담배는",
      "서비스"
    ],
    "권리가": [
      "항목",
      "자동차손해배상",
      "감면제도",
      "자로서",
      "영치가",
      "유추적용할",
      "반환할",
      "보장법",
      "부여하고",
      "세무서장은"
    ],
    "다양한": [
      "캠페인",
      "맞춤형",
      "생활터",
      "흡연예방",
      "금연정책",
      "상담서비스",
      "국민",
      "금연환경",
      "가지는",
      "지원"
    ],
    "대통령령이": [
      "보건복지부령이",
      "설치하여야",
      "보건교육",
      "알리는",
      "자동차등록령",
      "제목개정",
      "보건복지부장관은",
      "연구",
      "점유자",
      "누구든지"
    ],
    "국가법령정보센터": [
      "법제처",
      "국토교통부",
      "보건복지부장관",
      "누구든지",
      "보건복지부령이",
      "하여서는",
      "국민건강영양조사",
      "보건복지부",
      "제목개정",
      "대통령령이"
    ],
    "고등학교": [
      "유치원",
      "법정",
      "어린이집",
      "대학생",
      "대안교육기관",
      "흡연율",
      "담배제품",
      "도서관",
      "어린이",
      "청소년"
    ],
    "담배판매": [
      "흡연구역현황",
      "당기보고",
      "보고구분",
      "월보고",
      "사업보고",
      "실적보고",
      "모니터링",
      "흡연구역",
      "금연환경조성",
      "시스템"
    ],
    "기간은": [
      "일시해제",
      "산하여",
      "가산하여",
      "기산하고",
      "없었던",
      "징수하는",
      "초과하지",
      "납부기한까지",
      "부하지",
      "징수한다"
    ],
    "국토교통부": [
      "행위로서",
      "하여서는",
      "행위",
      "국가법령정보센터",
      "법제처",
      "호부터",
      "규정",
      "때까지",
      "누구든지",
      "새로운"
    ],
    "납부기한이": [
      "가산하여",
      "경과할",
      "납부기한까지",
      "개월이",
      "중가산금은",
      "초과하지",
      "산하여",
      "부하지",
      "경과한",
      "징수한다"
    ],
    "누구든지": [
      "하여서는",
      "공청회",
      "보건복지부령이",
      "제출된",
      "없으면",
      "알리는",
      "대통령령이",
      "요청한",
      "행위로서",
      "위탁할"
    ],
    "궐련형": [
      "전자담배",
      "비대면",
      "유해성",
      "코티닌",
      "담배",
      "담배광고",
      "의무화",
      "금연관련",
      "년까지",
      "캠페인"
    ],
    "근거하여": [
      "조례안",
      "구별된다",
      "경미한",
      "발생하였다는",
      "합리적",
      "의심이",
      "해석상",
      "질서위반행위규",
      "감경사유가",
      "위해서는"
    ],
    "담배규제기본협약": [
      "담배규제",
      "규제",
      "공공장소",
      "금연정책",
      "담뱃갑",
      "가향물질",
      "담배광고",
      "조항",
      "경고문구",
      "대학생"
    ],
    "담뱃갑": [
      "경고그림",
      "담배광고",
      "공공장소",
      "년까지",
      "가향물질",
      "의무화",
      "담배규제",
      "실효성",
      "담배규제기본협약",
      "금지"
    ],
    "경고그림": [
      "담뱃갑",
      "경고문구",
      "가향물질",
      "의무화",
      "유해성",
      "담배광고",
      "년까지",
      "금지",
      "실효성",
      "담배"
    ],
    "담배는": [
      "간접흡연",
      "입니다",
      "캠페인",
      "금연환경조성",
      "맞춤형",
      "유해성",
      "자료원",
      "전자담배",
      "국가금연지원서비스",
      "담배"
    ],
    "규제": [
      "담배광고",
      "포괄적",
      "담배규제기본협약",
      "년까지",
      "담배규제",
      "금지",
      "담배제품",
      "의무화",
      "정책",
      "비대면"
    ],
    "규정은": [
      "과태료부터",
      "유추적용할",
      "이해관계",
      "조부터",
      "비송사건절차법",
      "해석상",
      "관하여도",
      "적용한다",
      "반하여",
      "적용될"
    ],
    "규정한": [
      "보유한",
      "법이",
      "해제할",
      "징수는",
      "차용한",
      "등록번호판이",
      "행정질서벌",
      "실시할",
      "구별된다",
      "결정되는"
    ],
    "당사자인": [
      "행정질서벌",
      "대표자가",
      "관리인이",
      "부과하여야",
      "재단으로서",
      "법인이",
      "감경은",
      "자연인",
      "국세기본법",
      "장애인"
    ],
    "광고물": [
      "옥외광고물",
      "신고하여야",
      "허가",
      "관리법",
      "요청한",
      "가입의무",
      "허용되지",
      "정하",
      "부과하고",
      "요청할"
    ],
    "느껴질": [
      "불쾌한",
      "천천히",
      "때까지",
      "두근거림",
      "어지러움",
      "식은땀",
      "있으나",
      "중지하고",
      "니코틴껌",
      "않도록"
    ],
    "두근거림": [
      "어지러움",
      "식은땀",
      "호흡곤란",
      "중지하고",
      "불쾌한",
      "부작용",
      "느껴질",
      "니코틴껌",
      "주의사항",
      "천천히"
    ],
    "가이드라인": [
      "보조제",
      "니코틴",
      "담배규제",
      "두근거림",
      "어지러움",
      "식은땀",
      "중지하고",
      "호흡곤란",
      "비대면",
      "부작용"
    ],
    "감경사유가": [
      "하는바",
      "위반행위자",
      "반환할",
      "판단해야",
      "개별법",
      "징수절차는",
      "부과해야",
      "감경된",
      "장애인복지법",
      "절차는"
    ],
    "것이나": [
      "때문입니다",
      "측면이",
      "납부할",
      "문제될",
      "가족이",
      "절차가",
      "감경사유가",
      "대해서",
      "대표자",
      "종료되지"
    ],
    "근거가": [
      "도과한",
      "제척기간이",
      "결정은",
      "집행은",
      "신고하지",
      "종료된",
      "상속이",
      "해석이",
      "적용하여야",
      "하자가"
    ],
    "규정하지": [
      "징수유예",
      "종료되는",
      "적용하는",
      "절차는",
      "준용하도록",
      "있었다",
      "않았다면",
      "분할납부나",
      "적용되는",
      "부과하도록"
    ],
    "국세징수법": [
      "적용될",
      "지방세징수법",
      "준용할",
      "대해서도",
      "명시적",
      "새롭게",
      "성격이",
      "세무서장은",
      "고려하면",
      "압류등록된"
    ],
    "곤란하다고": [
      "징수유예",
      "등록번호판이",
      "생계유지",
      "분할납부나",
      "국민기초생활",
      "생계유지가",
      "직접적인",
      "영치한",
      "해제할",
      "장애인복지법"
    ],
    "국민기초생활": [
      "납부의무자",
      "장애인복지법",
      "가족이",
      "보장법",
      "곤란하다고",
      "분할납부나",
      "장애인",
      "징수유예",
      "채무자",
      "대통령령으"
    ],
    "납부의무자": [
      "고용보험법",
      "가족이",
      "채무자",
      "납부하고",
      "국민기초생활",
      "사업이",
      "장애인복지법",
      "납부의무는",
      "승계되지",
      "곤란하거나"
    ],
    "가족이": [
      "납부의무자",
      "고용보험법",
      "채무자",
      "국민기초생활",
      "사업이",
      "장애인복지법",
      "곤란하거나",
      "보장법",
      "생계유지가",
      "송달한"
    ],
    "고용보험법": [
      "납부의무자",
      "가족이",
      "채무자",
      "사업이",
      "곤란하거나",
      "장애인복지법",
      "경우도",
      "생계유지가",
      "부득이한",
      "받으려는"
    ],
    "곤란하거나": [
      "사업이",
      "생계유지가",
      "고용보험법",
      "만료될",
      "납부의무자",
      "해소되지",
      "가족이",
      "현저히",
      "채무자",
      "중대한"
    ],
    "기간연장": [
      "생계유지",
      "직접적인",
      "생계유지가",
      "만료될",
      "분할납부",
      "전자우편주소",
      "받으려는",
      "등록번호판",
      "한정하여",
      "해당되는"
    ],
    "년까지": [
      "담배광고",
      "담뱃갑",
      "규제",
      "의무화",
      "흡연율",
      "가향물질",
      "금지",
      "경고그림",
      "정책",
      "궐련형"
    ],
    "경고문구": [
      "경고그림",
      "가향물질",
      "담배광고",
      "담배규제기본협약",
      "성인인증장치",
      "이행하지",
      "담뱃갑",
      "아니할",
      "국민건강증진법",
      "정책"
    ],
    "규정하였다": [
      "시행된",
      "체납처",
      "부여하고",
      "준용하도록",
      "징수유예",
      "하려면",
      "하였다",
      "신속한",
      "가담한",
      "대상인"
    ],
    "가산금이": [
      "중가산금이",
      "부과되었지만",
      "중가산금은",
      "있다면",
      "이의제",
      "중가산금",
      "납부기한이",
      "필요는",
      "아니다",
      "적용하게"
    ],
    "것이고": [
      "감경은",
      "것이라면",
      "필요는",
      "규정하여",
      "가능성이",
      "계속해서",
      "가산하여",
      "중가산금은",
      "밝혀진",
      "인식할"
    ],
    "개별법상": [
      "판단된다",
      "감경이",
      "임의적",
      "계속하여",
      "하는바",
      "자진납부",
      "사회적",
      "국가기관",
      "여부가",
      "개별법"
    ],
    "감경할": [
      "경우라도",
      "장애인복지법",
      "법령상",
      "장애인",
      "징수절차는",
      "부과될",
      "국민기초생활",
      "금액은",
      "감경이",
      "체납하고"
    ],
    "규정하": [
      "과태료부터",
      "해제할",
      "과실이",
      "서위반행위규제법",
      "대상인",
      "여기서",
      "정하고",
      "납부기한",
      "질서위반행위는",
      "지방세"
    ],
    "대해서": [
      "부과되었지만",
      "적용하게",
      "공법상",
      "개정된",
      "해석상",
      "부과되고",
      "아니면",
      "부과하거나",
      "준용하도록",
      "것이나"
    ],
    "공공기관": [
      "행정기관",
      "소명하여",
      "사무실",
      "어린이집",
      "불과하여",
      "응하여야",
      "요청할",
      "으로서",
      "청소년",
      "지방자치단체가"
    ],
    "당기보고": [
      "실적보고",
      "흡연구역현황",
      "담배판매",
      "보고구분",
      "사업보고",
      "월보고",
      "모니터링",
      "공중이용시설",
      "시스템",
      "화면구성"
    ],
    "대학생": [
      "고등학교",
      "금연정책",
      "흡연율",
      "등록카드",
      "금연상담전화",
      "캠페인",
      "담배제품",
      "담배규제기본협약",
      "온라인",
      "청소년"
    ],
    "등록카드": [
      "상담",
      "찾아가는",
      "대학생",
      "대상자",
      "금연상담서비스",
      "시도",
      "클릭하면",
      "금연클리닉",
      "지역사회중심",
      "금연상담사"
    ],
    "계속하여": [
      "하는바",
      "개별법상",
      "후에도",
      "여부가",
      "대통령령으",
      "정기검사",
      "유효기간",
      "가지는",
      "행위는",
      "인정되지"
    ],
    "대통령령으": [
      "압류할",
      "금액이",
      "국민기초생활",
      "미치지",
      "계속하여",
      "정기검사",
      "유효기간",
      "이용하여",
      "설립된",
      "지방세징수법"
    ],
    "더블클릭하면": [
      "공지사항",
      "선택한",
      "공통버튼",
      "상세정보",
      "조회조건",
      "클릭하면",
      "항목",
      "조회된다",
      "매뉴구조",
      "화면구성"
    ],
    "되는지": [
      "종료되는",
      "제도적",
      "감경이",
      "법인은",
      "기한이",
      "가능합니다",
      "하려는",
      "인정되지",
      "변경할",
      "받아야"
    ],
    "납부의무가": [
      "승계되지",
      "납부의무는",
      "해석상",
      "행정질서벌",
      "상속재산",
      "법인은",
      "일신전속적",
      "상속인",
      "해당하여",
      "발생하지"
    ],
    "가능하다고": [
      "행방이",
      "징수하게",
      "국가기관",
      "대해서도",
      "공법상",
      "새롭게",
      "그러한",
      "압류가",
      "부과하거나",
      "고려하면"
    ],
    "고려하면": [
      "적용될",
      "차용한",
      "자체가",
      "행방이",
      "명시적",
      "부과하",
      "성격이",
      "있었던",
      "않는다는",
      "후에도"
    ],
    "결정되는": [
      "보유하고",
      "아니라고",
      "부동산",
      "범위는",
      "판단되어야",
      "단순히",
      "응하여야",
      "행위규제법",
      "알려야",
      "입니다"
    ],
    "과태료부터": [
      "적용하게",
      "부과되었지만",
      "경과조치",
      "일반적",
      "발생한",
      "적용한다",
      "부과되고",
      "규정하",
      "시행",
      "체납금액"
    ],
    "기관이": [
      "있지는",
      "체납횟수",
      "가지고",
      "사실상",
      "체납금액",
      "포함하여",
      "불과하여",
      "체납할",
      "판례는",
      "제한이"
    ],
    "담배광고": [
      "규제",
      "년까지",
      "담뱃갑",
      "의무화",
      "가향물질",
      "포괄적",
      "담배규제기본협약",
      "경고그림",
      "궐련형",
      "경고문구"
    ],
    "가향물질": [
      "담배광고",
      "담뱃갑",
      "공공장소",
      "경고그림",
      "의무화",
      "경고문구",
      "금지",
      "담배규제기본협약",
      "년까지",
      "음식점"
    ],
    "금연정책": [
      "담배규제기본협약",
      "금연사업",
      "대학생",
      "흡연예방",
      "다양한",
      "금연환경조성",
      "년까지",
      "지역사회중심",
      "금연지원서비스",
      "상담서비스"
    ],
    "가능합니다": [
      "적용이",
      "상속재산",
      "되는지",
      "민사집행규칙",
      "되거나",
      "징수하게",
      "체납횟수",
      "경우도",
      "없으면",
      "있으면"
    ],
    "경우도": [
      "적용이",
      "지방자치단체가",
      "고용보험법",
      "있다면",
      "아니다",
      "사무실",
      "하고자",
      "부과한",
      "있어서는",
      "항이"
    ],
    "관계없이": [
      "종료되는",
      "발생하게",
      "반환하여야",
      "상대방이",
      "않더라도",
      "소유권이",
      "않아도",
      "자체가",
      "변경되거나",
      "감경이"
    ],
    "독립된": [
      "공법상",
      "거쳐야",
      "반하여",
      "고려할",
      "명백한",
      "절차는",
      "사무소",
      "부과처분이",
      "하자가",
      "이의제기가"
    ],
    "등록한다": [
      "입출고",
      "생년월일",
      "온라인신청",
      "선택하여",
      "클릭하여",
      "상세정보",
      "대상자가",
      "행동요법",
      "매뉴구조",
      "금액은"
    ],
    "가능하도록": [
      "상속재산",
      "상속인은",
      "일신전속적",
      "인정된다고",
      "반영하여",
      "납부의무",
      "없더라도",
      "된다고",
      "공청회",
      "행위규제법"
    ],
    "국가기관": [
      "그러한",
      "신중하게",
      "독자적인",
      "법률이",
      "명시적",
      "않는다는",
      "법인격이",
      "부과는",
      "으로서",
      "허용되지"
    ],
    "도과한": [
      "공시송달",
      "제척기간이",
      "산하여",
      "근거가",
      "제척기간",
      "날로부터",
      "있더라도",
      "새로운",
      "부과는",
      "그로부터"
    ],
    "간주하여": [
      "부과처분은",
      "절차는",
      "제출하지",
      "것으로서",
      "부과해야",
      "정하여",
      "질서",
      "이의제기",
      "의견제출",
      "부과가"
    ],
    "공공장소": [
      "담뱃갑",
      "가향물질",
      "간접흡연",
      "자료원",
      "담배규제기본협약",
      "음식점",
      "의무화",
      "금지",
      "사무실",
      "정책"
    ],
    "가볍게": [
      "되거나",
      "시점부터",
      "않거나",
      "변경된",
      "처분은",
      "적용하는",
      "개정법",
      "법률이",
      "액수가",
      "적용하도록"
    ],
    "개정법": [
      "부동산",
      "시점부터",
      "않거나",
      "가볍게",
      "부여하고",
      "적용하도록",
      "않았다면",
      "특별히",
      "납부의무",
      "명시하고"
    ],
    "구체적인": [
      "유리한",
      "해석할",
      "근거한",
      "번호판",
      "액수가",
      "해석상",
      "반환할",
      "인식할",
      "제도적",
      "가능성이"
    ],
    "날로부터": [
      "날로서",
      "시점부터",
      "유의해야",
      "위법상태가",
      "경과할",
      "자동차손해배상",
      "자동차손해배상보장법",
      "개월이",
      "정기검사",
      "중가산금은"
    ],
    "규정하여": [
      "요건이",
      "부과기준은",
      "명시하고",
      "과실이",
      "밝혀진",
      "함으로써",
      "적용하도록",
      "행위는",
      "않는다고",
      "운전자가"
    ],
    "금액은": [
      "일시해제",
      "징수절차는",
      "관련성",
      "부과될",
      "입출고",
      "강제집행",
      "금액이",
      "미치지",
      "결정하여",
      "압류할"
    ],
    "결정하는": [
      "결정하여",
      "징수유예등",
      "일시해제",
      "결정할",
      "효력은",
      "만료될",
      "해소되지",
      "한정하여",
      "부득이한",
      "생계유지가"
    ],
    "기한이": [
      "종료한",
      "집행할",
      "종료되는",
      "제기하지",
      "제도적",
      "설립된",
      "되는지",
      "시점부터",
      "날로부터",
      "사망한"
    ],
    "규정된": [
      "적용될",
      "민사집행규칙",
      "압류는",
      "명시적",
      "성격이",
      "고려하면",
      "강제집행",
      "송달한",
      "생긴다",
      "시점부터"
    ],
    "그러한": [
      "국가기관",
      "신중하게",
      "않는다는",
      "부과는",
      "법률이",
      "허용되지",
      "아니고",
      "적용하는",
      "판단하여야",
      "행정질서벌로서"
    ],
    "규정되어": [
      "민사집행규칙",
      "의무는",
      "판단되어야",
      "가지고",
      "강제집행",
      "행정상",
      "동일성이",
      "한다고",
      "압류",
      "대상이"
    ],
    "납부하고": [
      "납부의무는",
      "승계되지",
      "여전히",
      "납부의무자",
      "가지는",
      "행정질서벌로서",
      "시행된",
      "판단된다",
      "소유권",
      "비추어"
    ],
    "납부의무는": [
      "승계되지",
      "납부하고",
      "여전히",
      "가지는",
      "납부의무자",
      "행정질서벌로서",
      "발생하지",
      "납부의무가",
      "소유권",
      "부담하게"
    ],
    "관계된": [
      "자동차가",
      "영치가",
      "영치할",
      "전체가",
      "압류등록된",
      "한정하여",
      "영치한",
      "자동차",
      "등록번호판",
      "등록번호판이"
    ],
    "공지사항": [
      "더블클릭하면",
      "우수사례",
      "화면구조",
      "선택된",
      "화면구성",
      "항목",
      "클릭하여",
      "선택한",
      "화면개요",
      "사용자매뉴얼"
    ],
    "독자적인": [
      "법인격이",
      "국가기관",
      "보입니다",
      "불과하여",
      "으로서",
      "자연인",
      "어려운",
      "처리하는",
      "지방자치단체가",
      "부과가"
    ],
    "개월이": [
      "경과할",
      "가산하여",
      "중가산금은",
      "시점부터",
      "납부기한이",
      "날로부터",
      "산하여",
      "경과한",
      "납부기한까지",
      "경과조치"
    ],
    "되거나": [
      "처분은",
      "가볍게",
      "법률이",
      "해당하지",
      "변경된",
      "시간적",
      "재판이",
      "상속재산",
      "적용한다",
      "법은"
    ],
    "경과조치": [
      "일반적",
      "대하여도",
      "과태료부터",
      "미치지",
      "적용한다",
      "법은",
      "발생한",
      "개월이",
      "제외하고는",
      "시행"
    ],
    "된다고": [
      "상속재산",
      "상속인은",
      "가능하도록",
      "종료되지",
      "있는바",
      "이처럼",
      "처분이",
      "사망한",
      "의무가",
      "재판은"
    ],
    "결정할": [
      "결정하는",
      "징수유예",
      "판단하여",
      "납부의무자",
      "징수유예등",
      "부담하고",
      "가족이",
      "분할납부나",
      "효력은",
      "곤란하다고"
    ],
    "관리인이": [
      "재단으로서",
      "자연인",
      "대표자가",
      "효과도",
      "당사자인",
      "법인이",
      "일신전속적",
      "대표자",
      "결정하여",
      "원칙입니다"
    ],
    "긴급한": [
      "형사소송법",
      "재판절차",
      "현저히",
      "해당하",
      "납부된",
      "관하여는",
      "이용하여",
      "따라야",
      "필요가",
      "행위"
    ],
    "니코틴껌": [
      "천천히",
      "호흡곤란",
      "중지하고",
      "느껴질",
      "두근거림",
      "어지러움",
      "식은땀",
      "불쾌한",
      "부작용",
      "주의사항"
    ],
    "기산하고": [
      "신고가",
      "유효기간",
      "인식할",
      "납부된",
      "기간은",
      "집행할",
      "재판은",
      "제척기간이",
      "체납자가",
      "상당한"
    ],
    "납부된": [
      "적법하게",
      "책임이",
      "소급하여",
      "이해관계",
      "법령이",
      "금액이",
      "반하여",
      "유추적용할",
      "지방회계법",
      "반환할"
    ],
    "경과할": [
      "가산하여",
      "개월이",
      "중가산금은",
      "시점부터",
      "산하여",
      "납부기한이",
      "부하지",
      "날로부터",
      "경과한",
      "납부기한까지"
    ],
    "가산하여": [
      "산하여",
      "경과할",
      "징수하는",
      "납부기한까지",
      "개월이",
      "납부기한이",
      "초과하지",
      "징수한다",
      "중가산금은",
      "부하지"
    ],
    "등록번호판이": [
      "생계유지",
      "곤란하다고",
      "영치한",
      "직접적인",
      "해제할",
      "생계유지가",
      "영치할",
      "등록번호판",
      "해소되지",
      "일시해제"
    ],
    "등록번호판": [
      "생계유지",
      "일시해제",
      "직접적인",
      "기간연장",
      "한정하여",
      "생계유지가",
      "만료될",
      "등록번호판이",
      "해소되지",
      "해제할"
    ],
    "국민건강영양조사": [
      "보건복지부령이",
      "보건복지부",
      "자료원",
      "실시할",
      "제목개정",
      "보건교육",
      "지방자치단체는",
      "간접흡연",
      "국가",
      "보건복지부장관"
    ],
    "납부하여야": [
      "고용주",
      "납부기한",
      "압류등록된",
      "행정절차",
      "하려면",
      "범칙금",
      "범위는",
      "받으려는",
      "자로서",
      "납부기한이"
    ],
    "관하여도": [
      "유추적용할",
      "이해관계",
      "반하여",
      "지방회계법",
      "성질상",
      "해석상",
      "준용할",
      "효력은",
      "준용하도록",
      "해석할"
    ],
    "금액이": [
      "납부된",
      "대통령령으",
      "압류할",
      "금액은",
      "행정기관이",
      "적법하게",
      "중가산금은",
      "미치지",
      "경과할",
      "국민기초생활"
    ],
    "거쳐야": [
      "독립된",
      "필요는",
      "부과는",
      "반환하여야",
      "절차는",
      "제출한",
      "부과처분이",
      "금액은",
      "결정할",
      "발생하지"
    ],
    "결정하여": [
      "일시해제",
      "생계유지",
      "결정하는",
      "직접적인",
      "가지고",
      "관련성",
      "생계유지가",
      "해당하여",
      "관리인이",
      "재단으로서"
    ],
    "과실이": [
      "요건이",
      "질서위반행위는",
      "않는다고",
      "부과하지",
      "규정하여",
      "시행된",
      "규정하",
      "아니한다고",
      "단순히",
      "대하여도"
    ],
    "대해서도": [
      "적용될",
      "명시적",
      "공법상",
      "국가기관",
      "가능하다고",
      "고려하면",
      "내용은",
      "국세징수법",
      "납부기한까지",
      "행위로서"
    ],
    "개정된": [
      "개정되기",
      "준용하도록",
      "대해서",
      "집행할",
      "재산이",
      "완성된",
      "소멸시효가",
      "소유자가",
      "자동차관리법",
      "시행규칙"
    ],
    "공법상": [
      "행정법",
      "독립된",
      "적용될",
      "행정질서벌로서",
      "대해서도",
      "부과하거나",
      "없으면",
      "사법",
      "부담하게",
      "국가기관"
    ],
    "대상은": [
      "부과하거나",
      "법인격이",
      "결정이",
      "법인은",
      "개시된",
      "분할납부나",
      "후에도",
      "있는데",
      "납부기한까지",
      "체납처분"
    ],
    "규범적": [
      "포괄하여",
      "동일성이",
      "단일성",
      "법위반",
      "있었던",
      "원칙입니다",
      "일정기간",
      "질서위반행위로서",
      "판단해야",
      "판단하여야"
    ],
    "단일성": [
      "포괄하여",
      "동일성이",
      "법위반",
      "규범적",
      "있었던",
      "부과되어야",
      "질서위반행위로서",
      "위법상태가",
      "계속해서",
      "사안은"
    ],
    "경우라도": [
      "감경할",
      "흡연구역",
      "장애인복지법",
      "법령상",
      "장애인",
      "국민기초생활",
      "대안교육기관",
      "대표자가",
      "흡연실",
      "공중이용시설"
    ],
    "가지고": [
      "민사집행규칙",
      "기관이",
      "사실상",
      "있거나",
      "강제집행",
      "결정하여",
      "규정되어",
      "전체가",
      "재단으로서",
      "정책"
    ],
    "계속해서": [
      "단일성",
      "포괄하여",
      "위법상태가",
      "부여하고",
      "부과되어야",
      "원칙입니다",
      "있었던",
      "동일성이",
      "해당하여",
      "이행하지"
    ],
    "근거한": [
      "실질적",
      "항이",
      "종료되지",
      "행위규제법",
      "규정하는",
      "규칙",
      "절차가",
      "새로운",
      "시간적",
      "구체적인"
    ],
    "공청회": [
      "알려야",
      "제출된",
      "해당하",
      "통지하고",
      "가능하도록",
      "당사자등이",
      "주어야",
      "누구든지",
      "요청한",
      "범위는"
    ],
    "것이라면": [
      "효과도",
      "위반행위자",
      "아니면",
      "판단해야",
      "미치는",
      "통상적인",
      "유효한",
      "부과되고",
      "납부능력이",
      "적법하게"
    ]
  }
}