{
  "metadata": {
    "totalKeywords": 800,
    "totalSynonyms": 10000,
    "createdAt": "2025-10-31T23:16:10.501Z",
    "version": "2.2",
    "method": "embedding-cooccurrence-wordnet",
    "embeddingWeight": 0.5,
    "cooccurrenceWeight": 0.3,
    "wordnetWeight": 0.2,
    "chunked": true,
    "maxSynonymsPerKeyword": 10,
    "groups": [
      "group2",
      "group4",
      "group1",
      "group3"
    ],
    "groupCount": 4
  },
  "keywordToGroup": {
    "보건소담당": "group2",
    "상담사": "group2",
    "협력기관": "group4",
    "금연사업담당자": "group1",
    "화면구성": "group4",
    "조회조건": "group3",
    "조회일자": "group3",
    "관리상태": "group1",
    "소속명": "group2",
    "대상자명": "group1",
    "등록번호": "group1",
    "상담사명": "group2",
    "공통버튼": "group1",
    "대상자리스트": "group1",
    "대상자리스트조회": "group1",
    "선택하여": "group2",
    "선택된": "group2",
    "사용방법": "group2",
    "대상자": "group1",
    "리스트": "group2",
    "클릭하면": "group4",
    "조회된다": "group3",
    "조회된": "group3",
    "취소": "group3",
    "변경된": "group2",
    "시스템": "group2",
    "화면개요": "group4",
    "매뉴구조": "group2",
    "접근방법": "group3",
    "사용대상자": "group2",
    "보건복지부담당": "group2",
    "시도담당": "group2",
    "금연서비스": "group1",
    "통합정보시스템": "group4",
    "사용자매뉴얼": "group2",
    "등록자": "group1",
    "주요내용": "group3",
    "해석사례": "group4",
    "자동차손해배상": "group3",
    "보장법": "group2",
    "의무보험": "group3",
    "과태료": "group1",
    "있는지": "group3",
    "질서위반행위규제법": "group3",
    "대하여": "group1",
    "부과하": "group2",
    "통지하고": "group4",
    "의견제출": "group3",
    "주어야": "group3",
    "한다고": "group4",
    "위반": "group3",
    "사회적": "group2",
    "개별법": "group1",
    "가능한": "group1",
    "사전통지": "group2",
    "이의제기가": "group3",
    "부과처분": "group2",
    "구별된다": "group1",
    "해당하지": "group4",
    "않는다": "group3",
    "여부는": "group3",
    "징수": "group3",
    "것으로서": "group1",
    "해설집": "group4",
    "효력이": "group4",
    "문제될": "group2",
    "직접적인": "group3",
    "관계가": "group1",
    "태료": "group4",
    "감경이": "group1",
    "새로운": "group2",
    "미치지": "group2",
    "허용되지": "group4",
    "조문별": "group3",
    "가능한지": "group1",
    "따르면": "group1",
    "합니다": "group4",
    "않거나": "group3",
    "않았다면": "group3",
    "처분은": "group3",
    "질서위반행위규": "group3",
    "제법": "group3",
    "이러한": "group3",
    "유효한": "group3",
    "제출할": "group3",
    "사정이": "group2",
    "변경할": "group2",
    "없습니다": "group3",
    "자진납부": "group3",
    "대법원": "group1",
    "선고": "group2",
    "판결": "group4",
    "없었던": "group3",
    "사유가": "group2",
    "아니한": "group3",
    "항제": "group4",
    "부동산": "group2",
    "법률": "group2",
    "정당한": "group3",
    "위반하여": "group3",
    "신고한": "group2",
    "행위가": "group4",
    "해당되는": "group4",
    "질서위반행위가": "group3",
    "과태료가": "group1",
    "부과되어야": "group2",
    "관하여": "group1",
    "사안은": "group2",
    "적법한": "group3",
    "동법": "group1",
    "대상이": "group1",
    "되는바": "group1",
    "경우로서": "group1",
    "부과하면": "group2",
    "질서위반": "group3",
    "행위": "group4",
    "처리": "group3",
    "위반행위가": "group3",
    "부과하는": "group2",
    "불구하고": "group2",
    "형법": "group4",
    "차용한": "group3",
    "발생할": "group2",
    "질서위반행위": "group3",
    "구체적": "group1",
    "규정이": "group1",
    "곤란한": "group1",
    "필요가": "group4",
    "않도록": "group3",
    "보아야": "group2",
    "법원은": "group2",
    "범위": "group2",
    "고려하여": "group1",
    "경우에도": "group1",
    "부과할": "group2",
    "정하여": "group3",
    "질서위반행": "group3",
    "요청한": "group3",
    "따른다": "group1",
    "비용은": "group2",
    "법은": "group2",
    "전문개정": "group3",
    "자연인": "group3",
    "법인": "group2",
    "법인이": "group2",
    "당사자등이": "group1",
    "당사자": "group1",
    "설립된": "group2",
    "사실상": "group2",
    "때까지": "group1",
    "대표자": "group1",
    "아니하거나": "group3",
    "대표자가": "group1",
    "우려가": "group3",
    "상당한": "group2",
    "요청할": "group3",
    "따르지": "group1",
    "위하여": "group3",
    "대하여는": "group1",
    "받아야": "group2",
    "행위는": "group4",
    "하여야": "group4",
    "대리인": "group1",
    "행정청": "group4",
    "경우만": "group1",
    "관하여는": "group1",
    "통지하여야": "group4",
    "항에도": "group4",
    "허가": "group4",
    "적용할": "group3",
    "지방세징수법": "group3",
    "납부할": "group1",
    "납부한": "group1",
    "청구할": "group3",
    "납부가": "group1",
    "경우라면": "group1",
    "성질상": "group2",
    "제외하고": "group3",
    "사법": "group2",
    "유추적용할": "group3",
    "있다고": "group3",
    "것인바": "group1",
    "민법": "group2",
    "법률상": "group2",
    "이해관계": "group3",
    "반하여": "group2",
    "효력은": "group4",
    "없다고": "group3",
    "여기서": "group3",
    "감경된": "group1",
    "문제된다": "group2",
    "그런데": "group1",
    "시행령": "group2",
    "감경은": "group1",
    "법이": "group2",
    "징수절차가": "group3",
    "종료된": "group3",
    "요구할": "group3",
    "제척기간": "group3",
    "질서": "group3",
    "가담한": "group1",
    "경과한": "group1",
    "결정이": "group1",
    "확정된": "group4",
    "날부터": "group1",
    "있음에도": "group3",
    "법적": "group2",
    "과태": "group1",
    "규정하는": "group1",
    "비추어": "group2",
    "행정기관이": "group4",
    "완성된": "group3",
    "날로서": "group1",
    "위법상태가": "group3",
    "부과가": "group2",
    "일정한": "group3",
    "대해서는": "group1",
    "기간이": "group1",
    "민사소송법": "group2",
    "필요하다고": "group4",
    "사항": "group2",
    "인정하는": "group3",
    "검사는": "group1",
    "법원": "group2",
    "의하여": "group3",
    "경우가": "group1",
    "발생한": "group2",
    "재판은": "group3",
    "결정으로써": "group1",
    "신청서": "group2",
    "갈음할": "group1",
    "생긴다": "group2",
    "법원이": "group2",
    "적당하다고": "group3",
    "공시송달": "group1",
    "따라야": "group1",
    "재판이": "group3",
    "즉시항고": "group3",
    "인하여": "group3",
    "제외하고는": "group3",
    "특별히": "group4",
    "정책적": "group3",
    "기재된": "group1",
    "해석할": "group4",
    "소멸시효": "group2",
    "동일한": "group1",
    "관련하여": "group1",
    "항은": "group4",
    "아니라": "group3",
    "규정": "group1",
    "국세기본법": "group1",
    "해석이": "group4",
    "동일하게": "group1",
    "상당합니다": "group2",
    "소멸시효가": "group2",
    "이유가": "group3",
    "개정되기": "group1",
    "의하면": "group3",
    "징수할": "group3",
    "납부기한까지": "group1",
    "납부하지": "group1",
    "있는바": "group3",
    "행정처분이": "group4",
    "단순한": "group1",
    "불과하여": "group2",
    "미치는": "group2",
    "습니다": "group2",
    "과태료는": "group1",
    "아닙니다": "group3",
    "인정할": "group3",
    "체납": "group3",
    "압류": "group3",
    "상속인이": "group2",
    "하였더라도": "group4",
    "존재하지": "group3",
    "적용하여야": "group3",
    "경우는": "group1",
    "지방세": "group3",
    "가능할": "group1",
    "부과된": "group2",
    "이의제기": "group3",
    "사망한": "group2",
    "납부하면": "group1",
    "행정": "group4",
    "금전적": "group1",
    "판단된다": "group4",
    "집행은": "group3",
    "강제집행": "group1",
    "민사집행법": "group2",
    "제기하지": "group3",
    "종료한": "group3",
    "집행할": "group3",
    "가산금": "group1",
    "중가산금": "group3",
    "자동차손해배상보장법": "group3",
    "가입의무": "group1",
    "문제가": "group2",
    "포괄적": "group4",
    "민사집행규칙": "group2",
    "자동차": "group3",
    "상속인": "group2",
    "않더라도": "group3",
    "소유권이": "group2",
    "피상속인": "group4",
    "소유자": "group2",
    "상속인은": "group2",
    "부담하게": "group2",
    "책임이": "group3",
    "아니다": "group3",
    "단순히": "group1",
    "소유자가": "group2",
    "상속이": "group2",
    "개시된": "group1",
    "도로교통법": "group1",
    "조부터": "group3",
    "조까지": "group3",
    "위반한": "group3",
    "사실이": "group2",
    "비디오테이프나": "group2",
    "입증되고": "group3",
    "부과한다": "group2",
    "확인할": "group4",
    "발급할": "group2",
    "범칙금": "group2",
    "일신전속적": "group3",
    "제재로서": "group3",
    "부과되고": "group2",
    "효과도": "group4",
    "원칙입니다": "group3",
    "해당하는지": "group4",
    "판단되어야": "group4",
    "질서위반행위자가": "group3",
    "부과되는": "group2",
    "없다는": "group3",
    "고려한": "group1",
    "고용주": "group1",
    "판단하여야": "group4",
    "고용주등": "group1",
    "고용하고": "group1",
    "사람이나": "group2",
    "있어서는": "group3",
    "여부가": "group3",
    "사용자": "group2",
    "법이나": "group2",
    "이른바": "group3",
    "으로서": "group3",
    "일부가": "group3",
    "장애인": "group3",
    "때문입니다": "group1",
    "하였다": "group4",
    "결손처분": "group1",
    "그로부터": "group1",
    "알려야": "group3",
    "체납자": "group3",
    "법인인": "group2",
    "체납하고": "group3",
    "체납발생일부터": "group3",
    "경과하였으며": "group1",
    "합계가": "group4",
    "천만원": "group3",
    "이상인": "group3",
    "정하는": "group3",
    "납부능력이": "group1",
    "체납한": "group3",
    "체납자가": "group3",
    "사항은": "group2",
    "관허사업": "group1",
    "규칙": "group1",
    "재판절차": "group3",
    "지방법원": "group3",
    "검사가": "group1",
    "체납된": "group3",
    "부과한": "group2",
    "납부기한": "group1",
    "이의가": "group3",
    "그러하지": "group1",
    "결정은": "group1",
    "상담": "group2",
    "의료기관": "group3",
    "금연치료": "group1",
    "보건소": "group2",
    "흡연자": "group4",
    "니코틴보조제": "group1",
    "지원": "group3",
    "프로그램": "group4",
    "지역사회": "group3",
    "금연사업": "group1",
    "담배규제": "group1",
    "정책": "group3",
    "금연": "group1",
    "역량강화": "group3",
    "금연환경": "group1",
    "생활터": "group2",
    "금연지원서비스": "group1",
    "있으나": "group3",
    "서비스": "group2",
    "교육": "group1",
    "모니터링": "group2",
    "상담서비스": "group2",
    "금연캠프": "group1",
    "전문치료형": "group3",
    "스트레스": "group2",
    "대상": "group1",
    "수행기관": "group2",
    "지역금연지원센터": "group3",
    "통합건강증진사업": "group4",
    "안내": "group3",
    "국가금연정책": "group1",
    "지역사회중심": "group3",
    "참고자료": "group3",
    "국가": "group1",
    "금연클리닉": "group1",
    "국민": "group1",
    "부작용": "group2",
    "금연관련": "group1",
    "금연상담": "group1",
    "금연환경조성": "group1",
    "캠페인": "group4",
    "청소년": "group3",
    "금연교육": "group1",
    "있도록": "group3",
    "금연상담사": "group1",
    "시도": "group2",
    "도지사": "group1",
    "건강": "group1",
    "금연지도원": "group1",
    "국민건강증진법": "group1",
    "지자체": "group3",
    "포함한": "group4",
    "금연구역": "group1",
    "공중이용시설": "group1",
    "온라인": "group3",
    "항부터": "group4",
    "특별자치시장": "group4",
    "특별자치도지사": "group4",
    "구청장": "group1",
    "흡연행위": "group4",
    "대상자가": "group1",
    "금연지원": "group1",
    "구청장은": "group1",
    "흡연실": "group4",
    "시행규칙": "group2",
    "관리자": "group1",
    "어린이": "group3",
    "점유자": "group3",
    "알리는": "group3",
    "설치하여야": "group2",
    "있으며": "group3",
    "운동장": "group3",
    "대안교육기관": "group1",
    "영유아보육법": "group3",
    "어린이집": "group3",
    "도서관법": "group1",
    "도서관": "group1",
    "자동차관리법": "group3",
    "이용자": "group3",
    "간접흡연": "group1",
    "흡연실은": "group4",
    "가급적": "group1",
    "전체가": "group3",
    "달거나": "group1",
    "내용이": "group1",
    "금연상담전화": "group1",
    "흡연율": "group4",
    "적용": "group3",
    "금연상담서비스": "group1",
    "맞춤형": "group2",
    "어려운": "group3",
    "인정되는": "group3",
    "채무자": "group3",
    "하려는": "group4",
    "판단할": "group4",
    "인정된다고": "group3",
    "규정할": "group1",
    "재산이": "group3",
    "위해서는": "group3",
    "엄격하게": "group3",
    "위반행위규제법": "group3",
    "법인은": "group2",
    "가지는": "group1",
    "대하여도": "group1",
    "납부의무": "group1",
    "해당하": "group4",
    "송달이": "group2",
    "불가능한": "group2",
    "행정절차법": "group4",
    "통지할": "group4",
    "공고일부터": "group1",
    "당사자는": "group1",
    "송달은": "group2",
    "영업소": "group3",
    "사무소": "group2",
    "전자우편주소": "group3",
    "송달할": "group2",
    "교부함으로써": "group1",
    "만나지": "group2",
    "사무원": "group2",
    "피용자": "group4",
    "분별할": "group2",
    "지능이": "group3",
    "쉽도록": "group2",
    "일간신문": "group3",
    "공고하고": "group1",
    "인터넷에도": "group3",
    "통상적인": "group4",
    "보존하여야": "group2",
    "이용하여": "group3",
    "긴급히": "group1",
    "시행하여야": "group2",
    "징수절차는": "group3",
    "부적법한": "group2",
    "것이라고": "group1",
    "하더라도": "group4",
    "질서위반행위규제": "group3",
    "통보해야": "group4",
    "유의사항": "group3",
    "동의서": "group1",
    "신청": "group2",
    "세대주": "group2",
    "반드시": "group2",
    "조사가": "group3",
    "법령": "group2",
    "감면제도": "group1",
    "항목": "group4",
    "항이": "group4",
    "요건이": "group3",
    "제한이": "group3",
    "방지하고": "group2",
    "행정상": "group4",
    "살펴보면": "group2",
    "내용은": "group1",
    "있어서": "group3",
    "정지": "group3",
    "구별되는": "group1",
    "것이며": "group1",
    "문제되는": "group2",
    "사업이": "group2",
    "체납할": "group3",
    "부과받은": "group2",
    "요구된다": "group3",
    "이처럼": "group3",
    "관련성": "group1",
    "제한하는": "group3",
    "행정법상": "group4",
    "가능성이": "group1",
    "실질적": "group2",
    "규제법": "group1",
    "것이어야": "group1",
    "하는바": "group4",
    "않는다고": "group3",
    "옥외광고물": "group3",
    "관리법": "group1",
    "있거나": "group3",
    "체납횟수": "group3",
    "고지서": "group1",
    "흡연": "group4",
    "흡연구역": "group4",
    "담배": "group1",
    "금지": "group1",
    "니코틴": "group1",
    "보조제": "group2",
    "성인인증장치": "group2",
    "관련한": "group1",
    "보건": "group2",
    "질서위반행위로서": "group3",
    "신고가": "group2",
    "동일성이": "group1",
    "인정되지": "group3",
    "질서위": "group3",
    "해당하여": "group4",
    "부과기준": "group2",
    "부과하고": "group2",
    "따르도록": "group1",
    "부과기준은": "group2",
    "위반행위": "group3",
    "부과하도록": "group2",
    "부과하여야": "group2",
    "주택법": "group3",
    "유치원": "group3",
    "부득이한": "group2",
    "해제할": "group4",
    "포함하여": "group4",
    "제척기간이": "group3",
    "의무가": "group3",
    "자동차등록령": "group3",
    "취소하고": "group3",
    "처분이": "group3",
    "함으로써": "group4",
    "부과처분은": "group2",
    "첨부하여": "group3",
    "당사": "group1",
    "대상인": "group1",
    "적용되지": "group3",
    "행정법": "group4",
    "징수하도록": "group3",
    "정해진": "group3",
    "행정질서벌": "group4",
    "경미한": "group1",
    "하여금": "group4",
    "중대한": "group3",
    "고려할": "group1",
    "성격이": "group2",
    "법정": "group2",
    "시행": "group2",
    "체육시설": "group3",
    "생년월일": "group2",
    "전화번호": "group3",
    "담배제품": "group1",
    "연구": "group3",
    "국가금연지원서비스": "group1",
    "권리가": "group1",
    "다양한": "group1",
    "본조신설": "group2",
    "지방자치단체는": "group3",
    "보건복지부장관은": "group2",
    "제목개정": "group3",
    "하여서는": "group4",
    "대통령령이": "group1",
    "정하고": "group3",
    "법제처": "group2",
    "국가법령정보센터": "group1",
    "고등학교": "group1",
    "담배판매": "group1",
    "기간은": "group1",
    "이행하지": "group3",
    "징수한다": "group3",
    "호부터": "group4",
    "행위로서": "group4",
    "국토교통부": "group1",
    "아니하고": "group3",
    "납부기한이": "group1",
    "응하여야": "group3",
    "보건복지부장관이": "group2",
    "보건교육": "group2",
    "유효기간": "group3",
    "전까지": "group3",
    "제출하지": "group3",
    "누구든지": "group1",
    "궐련형": "group1",
    "코티닌": "group4",
    "전자담배": "group3",
    "근거하여": "group1",
    "담배규제기본협약": "group1",
    "담뱃갑": "group1",
    "경고그림": "group1",
    "유해성": "group3",
    "담배는": "group1",
    "흡연예방": "group4",
    "규제": "group1",
    "입니다": "group3",
    "규정은": "group1",
    "해석상": "group4",
    "않는다는": "group3",
    "규정한": "group1",
    "적용될": "group3",
    "당사자인": "group1",
    "하자가": "group4",
    "광고물": "group1",
    "부과하지": "group2",
    "의무는": "group3",
    "의무화": "group3",
    "사무실": "group2",
    "주의사항": "group3",
    "불쾌한": "group2",
    "느껴질": "group1",
    "폐의약품": "group4",
    "수거함": "group2",
    "주민센터": "group3",
    "천천히": "group3",
    "두근거림": "group1",
    "어지러움": "group3",
    "식은땀": "group2",
    "호흡곤란": "group4",
    "중지하고": "group3",
    "가이드라인": "group1",
    "감경사유가": "group1",
    "것이나": "group1",
    "서위반행위규제법": "group2",
    "않습니다": "group3",
    "반하지": "group2",
    "해당합니다": "group4",
    "근거가": "group1",
    "없더라도": "group3",
    "행위규제법": "group4",
    "통보하여야": "group4",
    "체납처분": "group3",
    "징수유예": "group3",
    "분할납부나": "group2",
    "규정하지": "group1",
    "국세징수법": "group1",
    "준용하도록": "group3",
    "있었다": "group3",
    "곤란하다고": "group1",
    "징수유예등": "group3",
    "국민기초생활": "group1",
    "장애인복지법": "group3",
    "납부의무자": "group1",
    "가족이": "group1",
    "고용보험법": "group1",
    "생계유지가": "group2",
    "곤란하거나": "group1",
    "분할납부": "group2",
    "기간연장": "group1",
    "받으려는": "group2",
    "년까지": "group1",
    "로그인": "group2",
    "중요한": "group3",
    "아니할": "group3",
    "경고문구": "group1",
    "규정하였다": "group1",
    "원인이": "group3",
    "부과될": "group2",
    "정하": "group3",
    "필요는": "group4",
    "가산금이": "group1",
    "적용된다": "group3",
    "상대방이": "group2",
    "있다는": "group3",
    "반행위규제법": "group2",
    "신속한": "group2",
    "것이고": "group1",
    "제출한": "group3",
    "개별법상": "group1",
    "임의적": "group3",
    "감경할": "group1",
    "판단하여": "group4",
    "저촉되는": "group3",
    "유리한": "group3",
    "규정하": "group1",
    "명시하고": "group2",
    "있더라도": "group3",
    "발생하였다는": "group2",
    "합리적": "group4",
    "의심이": "group3",
    "법위반": "group2",
    "대해서": "group1",
    "처리하는": "group3",
    "공공기관": "group1",
    "위하여는": "group3",
    "클릭하여": "group4",
    "실적보고": "group2",
    "당기보고": "group1",
    "흡연구역현황": "group4",
    "사업보고": "group2",
    "보고구분": "group2",
    "월보고": "group3",
    "보건복지부": "group2",
    "찾아가는": "group3",
    "대학생": "group1",
    "등록카드": "group1",
    "계속하여": "group1",
    "상당하다고": "group2",
    "하겠습니다": "group4",
    "운전자가": "group3",
    "초과하지": "group3",
    "대통령령으": "group1",
    "선택한": "group2",
    "더블클릭하면": "group1",
    "의미합니다": "group3",
    "질서위반행위는": "group3",
    "법령이": "group2",
    "부여하고": "group2",
    "지방자치단체가": "group3",
    "일정기간": "group3",
    "징수는": "group3",
    "압류할": "group3",
    "자동차가": "group3",
    "되는지": "group1",
    "납부의무가": "group1",
    "행방이": "group4",
    "분명하지": "group2",
    "가능하다고": "group1",
    "고려하면": "group1",
    "아니면": "group3",
    "부과되었지만": "group2",
    "적용하게": "group3",
    "절차가": "group3",
    "결정되는": "group1",
    "보유하고": "group2",
    "과태료부터": "group1",
    "적용한다": "group3",
    "체납금액": "group3",
    "기관이": "group1",
    "법령상": "group2",
    "있지는": "group3",
    "담배광고": "group1",
    "가향물질": "group1",
    "금연정책": "group1",
    "가능합니다": "group1",
    "경우도": "group1",
    "적용이": "group3",
    "온라인신청": "group3",
    "변경한": "group2",
    "관계없이": "group1",
    "독립된": "group1",
    "아파트": "group3",
    "후에도": "group4",
    "부과합니다": "group2",
    "등록한다": "group1",
    "가능하도록": "group1",
    "하도록": "group4",
    "국가기관": "group1",
    "우수사례": "group3",
    "제도적": "group3",
    "주무관청이": "group3",
    "어려울": "group3",
    "준용할": "group3",
    "신용정보": "group2",
    "신고하여야": "group2",
    "도과한": "group1",
    "조항": "group3",
    "간주하여": "group1",
    "조례안": "group3",
    "공공장소": "group1",
    "행정질서벌로서": "group4",
    "아니고": "group3",
    "가볍게": "group1",
    "현저히": "group4",
    "적용하는": "group3",
    "액수가": "group3",
    "시간적": "group2",
    "시점부터": "group2",
    "적용하도록": "group3",
    "개정법": "group1",
    "문제는": "group2",
    "자체가": "group3",
    "종료되지": "group3",
    "구체적인": "group1",
    "신고하지": "group2",
    "날로부터": "group1",
    "산하여": "group2",
    "부과는": "group2",
    "아니하면": "group3",
    "규정하여": "group1",
    "형사소송법": "group4",
    "해당할": "group4",
    "보건복지부령이": "group2",
    "여전히": "group3",
    "적용되는": "group3",
    "적법하게": "group3",
    "하려면": "group4",
    "발생하게": "group2",
    "발생하지": "group2",
    "부과처분이": "group2",
    "이루어진": "group3",
    "일반적": "group3",
    "시행된": "group2",
    "금액은": "group1",
    "의견이": "group3",
    "절차는": "group3",
    "종료되는": "group3",
    "결정하는": "group1",
    "보입니다": "group2",
    "기한이": "group1",
    "규정된": "group1",
    "실효성": "group2",
    "사항이": "group2",
    "적용하여": "group3",
    "그러한": "group1",
    "규정되어": "group1",
    "하는지": "group4",
    "측면이": "group3",
    "유의해야": "group3",
    "납부하고": "group1",
    "납부의무는": "group1",
    "압류는": "group3",
    "소유권": "group2",
    "관계된": "group1",
    "압류등록된": "group3",
    "않아도": "group3",
    "제출하여야": "group3",
    "압류가": "group3",
    "있으면": "group3",
    "위반자": "group3",
    "변경되거나": "group2",
    "공지사항": "group1",
    "엘리베이터": "group3",
    "정기검사": "group3",
    "인정될": "group3",
    "법률이": "group2",
    "신중하게": "group2",
    "판례는": "group4",
    "해당한다고": "group4",
    "독자적인": "group1",
    "법인격이": "group2",
    "개월이": "group1",
    "되거나": "group1",
    "경과조치": "group1",
    "된다고": "group1",
    "요하지": "group3",
    "결정할": "group1",
    "있는데": "group3",
    "아니한다고": "group3",
    "위반행위자": "group3",
    "재단으로서": "group3",
    "관리인이": "group1",
    "긴급한": "group1",
    "니코틴껌": "group1",
    "절차로서": "group3",
    "행정절차": "group4",
    "보건복지부장관": "group2",
    "제기할": "group3",
    "기산하고": "group1",
    "납부된": "group1",
    "부담하고": "group2",
    "위탁할": "group3",
    "체납처": "group3",
    "부하지": "group2",
    "경과할": "group1",
    "가산하여": "group1",
    "징수하는": "group3",
    "징수가": "group3",
    "자로서": "group3",
    "하고자": "group4",
    "영치한": "group3",
    "등록번호판이": "group1",
    "생계유지": "group2",
    "영치할": "group3",
    "등록번호판": "group1",
    "만료될": "group2",
    "해소되지": "group4",
    "한정하여": "group4",
    "부과해야": "group2",
    "국민건강영양조사": "group1",
    "납부하여야": "group1",
    "상세정보": "group2",
    "관하여도": "group1",
    "지방회계법": "group3",
    "반환하여야": "group2",
    "이의신청": "group3",
    "금액이": "group1",
    "소급하여": "group2",
    "반환할": "group2",
    "거쳐야": "group1",
    "일시해제": "group3",
    "결정하여": "group1",
    "소유자는": "group2",
    "위규제법": "group3",
    "행정기관": "group4",
    "소명하여": "group2",
    "반영하여": "group2",
    "과실이": "group1",
    "밝혀진": "group2",
    "비송사건절차법": "group2",
    "없으면": "group3",
    "상담기록지": "group2",
    "행동요법": "group4",
    "실시할": "group2",
    "범위는": "group2",
    "중가산금은": "group3",
    "중가산금이": "group3",
    "세무서장은": "group2",
    "음식점": "group3",
    "있다면": "group3",
    "주소가": "group3",
    "대해서도": "group1",
    "인식할": "group3",
    "개정된": "group1",
    "공법상": "group1",
    "제출된": "group3",
    "주소지": "group3",
    "적용됩니다": "group3",
    "상속재산": "group2",
    "대상은": "group1",
    "해석된다": "group4",
    "지방세기본법": "group3",
    "있었던": "group3",
    "규범적": "group1",
    "포괄하여": "group4",
    "단일성": "group1",
    "경우라도": "group1",
    "송달한": "group2",
    "명백한": "group2",
    "자료원": "group3",
    "새롭게": "group2",
    "명시적": "group2",
    "확인서": "group4",
    "보유한": "group2",
    "아니라고": "group3",
    "징수하게": "group3",
    "백상지": "group2",
    "가지고": "group1",
    "없거나": "group3",
    "계속해서": "group1",
    "승계되지": "group2",
    "천재지변이나": "group3",
    "비대면": "group2",
    "말소등록": "group2",
    "근거한": "group1",
    "이의제": "group3",
    "번호판": "group2",
    "영치가": "group3",
    "체납액": "group3",
    "판단해야": "group4",
    "부과하거나": "group2",
    "공청회": "group1",
    "지하주차장": "group3",
    "화면구조": "group4",
    "입출고": "group3",
    "것이라면": "group1"
  }
}