{
  "metadata": {
    "totalKeywords": 800,
    "totalSynonyms": 10000,
    "createdAt": "2025-10-31T23:16:10.501Z",
    "version": "2.2",
    "method": "embedding-cooccurrence-wordnet",
    "embeddingWeight": 0.5,
    "cooccurrenceWeight": 0.3,
    "wordnetWeight": 0.2,
    "chunked": true,
    "maxSynonymsPerKeyword": 10,
    "group": "group4",
    "keywordsCount": 123
  },
  "synonymMappings": {
    "협력기관": [
      "선택한",
      "더블클릭하면",
      "사용자매뉴얼",
      "조회된다",
      "클릭하여",
      "매뉴구조",
      "화면개요",
      "사용방법",
      "월보고",
      "사업보고"
    ],
    "화면구성": [
      "더블클릭하면",
      "선택한",
      "사용자매뉴얼",
      "화면개요",
      "클릭하여",
      "사업보고",
      "선택된",
      "월보고",
      "공지사항",
      "사용방법"
    ],
    "클릭하면": [
      "대상자리스트조회",
      "조회된",
      "대상자리스트",
      "조회일자",
      "리스트",
      "조회된다",
      "선택된",
      "관리상태",
      "더블클릭하면",
      "소속명"
    ],
    "화면개요": [
      "더블클릭하면",
      "공통버튼",
      "선택한",
      "화면구성",
      "금연사업담당자",
      "협력기관",
      "보건소담당",
      "보건복지부담당",
      "시도담당",
      "상담사"
    ],
    "통합정보시스템": [
      "금연서비스",
      "사용자매뉴얼",
      "등록자",
      "코티닌",
      "화면구성",
      "금연사업담당자",
      "협력기관",
      "사용자",
      "상세정보",
      "공통버튼"
    ],
    "해석사례": [
      "조문별",
      "주요내용",
      "되는지",
      "신고하여야",
      "법이나",
      "자동차등록령",
      "행정법",
      "것인바",
      "제한이",
      "해당합니다"
    ],
    "통지하고": [
      "주어야",
      "제출할",
      "의견이",
      "공청회",
      "부과하",
      "의무보험",
      "규정할",
      "제출한",
      "하고자",
      "의견제출"
    ],
    "한다고": [
      "번호판",
      "반환할",
      "준용할",
      "효과도",
      "판단되어야",
      "것이라면",
      "판단된다",
      "규정되어",
      "판단해야",
      "해석할"
    ],
    "해당하지": [
      "되거나",
      "법률이",
      "가볍게",
      "처분은",
      "시간적",
      "변경된",
      "적용하도록",
      "하는바",
      "개정법",
      "변경되거나"
    ],
    "해설집": [
      "문제되는",
      "독립된",
      "보유하고",
      "정책적",
      "간주하여",
      "측면이",
      "경과조치",
      "비추어",
      "납부된",
      "적법하게"
    ],
    "효력이": [
      "공고일부터",
      "생긴다",
      "송달이",
      "긴급히",
      "시행하여야",
      "발생하게",
      "공시송달",
      "불가능한",
      "적법하게",
      "상대방이"
    ],
    "태료": [
      "위탁할",
      "체납처",
      "부과한",
      "국가기관",
      "정책적",
      "근거한",
      "않거나",
      "해석할",
      "보입니다",
      "의심이"
    ],
    "허용되지": [
      "유추적용할",
      "이해관계",
      "신중하게",
      "성질상",
      "반하여",
      "사법",
      "납부가",
      "제외하고",
      "국가기관",
      "경우라면"
    ],
    "합니다": [
      "체육시설",
      "교부함으로써",
      "결정되는",
      "경우도",
      "범위는",
      "가능합니다",
      "적용이",
      "통보해야",
      "이의제",
      "개정된"
    ],
    "판결": [
      "선고",
      "대법원",
      "인식할",
      "요하지",
      "규정되어",
      "질서위반행위로서",
      "판례는",
      "상당합니다",
      "상대방이",
      "것이어야"
    ],
    "항제": [
      "호부터",
      "자동차관리법",
      "대안교육기관",
      "자동차손해배상보장법",
      "고등학교",
      "위반하여",
      "어린이집",
      "유치원",
      "임의적",
      "신고하지"
    ],
    "행위가": [
      "단일성",
      "규범적",
      "포괄하여",
      "가볍게",
      "되거나",
      "동일성이",
      "질서위반행위로서",
      "행위로서",
      "법률이",
      "신고한"
    ],
    "해당되는": [
      "신고한",
      "기간연장",
      "말소등록",
      "지하주차장",
      "신청서",
      "부동산",
      "전자우편주소",
      "생년월일",
      "분할납부",
      "부과하면"
    ],
    "행위": [
      "법위반",
      "행위로서",
      "동일성이",
      "국토교통부",
      "규범적",
      "포괄하여",
      "하여서는",
      "있었던",
      "긴급한",
      "해당하여"
    ],
    "형법": [
      "차용한",
      "가담한",
      "않는다는",
      "유리한",
      "질서위반행위로서",
      "있지는",
      "가능성이",
      "단순한",
      "발생할",
      "것이라면"
    ],
    "필요가": [
      "측면이",
      "인정될",
      "긴급한",
      "사실상",
      "문제가",
      "유리한",
      "형사소송법",
      "해당하",
      "액수가",
      "경미한"
    ],
    "행위는": [
      "방지하고",
      "대표자가",
      "결정으로써",
      "일정기간",
      "판단해야",
      "지방법원",
      "원칙입니다",
      "규정하여",
      "실효성",
      "않는다고"
    ],
    "하여야": [
      "만료될",
      "분명하지",
      "행방이",
      "즉시항고",
      "결정으로써",
      "해소되지",
      "취소하고",
      "납부된",
      "고지서",
      "한정하여"
    ],
    "행정청": [
      "개정법",
      "납부의무",
      "결정하여",
      "당사자",
      "하고자",
      "징수하도록",
      "날로서",
      "일시해제",
      "즉시항고",
      "해석이"
    ],
    "통지하여야": [
      "영치한",
      "주무관청이",
      "생계유지",
      "일시해제",
      "결정하여",
      "영치할",
      "조사가",
      "하고자",
      "해제할",
      "법원은"
    ],
    "항에도": [
      "결정이",
      "반하지",
      "불구하고",
      "절차는",
      "대상자가",
      "신속한",
      "경우만",
      "하려면",
      "반환하여야",
      "소명하여"
    ],
    "허가": [
      "광고물",
      "천재지변이나",
      "살펴보면",
      "체납할",
      "체납횟수",
      "체납발생일부터",
      "경과하였으며",
      "신고하여야",
      "납부된",
      "합계가"
    ],
    "효력은": [
      "이해관계",
      "유추적용할",
      "반하여",
      "납부가",
      "성질상",
      "발생하지",
      "발생하게",
      "관하여도",
      "상대방이",
      "자체가"
    ],
    "확정된": [
      "결정이",
      "날로서",
      "재판이",
      "위탁할",
      "종료되지",
      "가산금이",
      "되거나",
      "집행은",
      "종료한",
      "가볍게"
    ],
    "행정기관이": [
      "경미한",
      "금액이",
      "납부할",
      "실효성",
      "있으면",
      "공법상",
      "하였다",
      "금전적",
      "분할납부",
      "없으면"
    ],
    "필요하다고": [
      "조사가",
      "발생하였다는",
      "합리적",
      "의심이",
      "인정하는",
      "결정으로써",
      "인정할",
      "행위는",
      "하여금",
      "보건복지부장관이"
    ],
    "특별히": [
      "준용할",
      "개정법",
      "부동산",
      "있어서",
      "비용은",
      "항이",
      "민사소송법",
      "대통령령이",
      "제외하고는",
      "있는데"
    ],
    "해석할": [
      "정책적",
      "지방회계법",
      "반환할",
      "번호판",
      "소멸시효",
      "영치가",
      "기재된",
      "유추적용할",
      "해석상",
      "관하여도"
    ],
    "항은": [
      "고용주",
      "징수하도록",
      "따르도록",
      "번호판",
      "차용한",
      "부과되고",
      "변경되거나",
      "임의적",
      "징수는",
      "된다고"
    ],
    "해석이": [
      "것인바",
      "적용하여야",
      "통상적인",
      "엄격하게",
      "고려한",
      "소급하여",
      "행정기관",
      "단순히",
      "소멸시효가",
      "조사가"
    ],
    "행정처분이": [
      "상대방이",
      "것이어야",
      "명백한",
      "자체가",
      "처분이",
      "위하여는",
      "불과하여",
      "하자가",
      "발생하게",
      "인식할"
    ],
    "하였더라도": [
      "있으면",
      "적용하여야",
      "부과는",
      "상속인이",
      "것인바",
      "부과처분이",
      "관련한",
      "존재하지",
      "부과처분은",
      "반행위규제법"
    ],
    "행정": [
      "요청한",
      "정책적",
      "인정된다고",
      "인식할",
      "요구된다",
      "체납금액",
      "현저히",
      "규정할",
      "아니고",
      "적용하는"
    ],
    "판단된다": [
      "개별법상",
      "납부하고",
      "번호판",
      "문제된다",
      "한다고",
      "영치한",
      "비추어",
      "납부능력이",
      "있음에도",
      "감경은"
    ],
    "포괄적": [
      "민사집행규칙",
      "규제",
      "담배광고",
      "상속인은",
      "않더라도",
      "소유권이",
      "상속인",
      "피상속인",
      "개시된",
      "년까지"
    ],
    "피상속인": [
      "소유권이",
      "상속이",
      "상속인",
      "민사집행규칙",
      "않더라도",
      "상속인은",
      "부담하게",
      "상속인이",
      "개시된",
      "법이"
    ],
    "확인할": [
      "보존하여야",
      "공고하고",
      "인터넷에도",
      "쉽도록",
      "일간신문",
      "통상적인",
      "불가능한",
      "발급할",
      "송달이",
      "입증되고"
    ],
    "효과도": [
      "부과되고",
      "미치는",
      "것이라면",
      "원칙입니다",
      "제재로서",
      "위반행위자",
      "아니면",
      "일신전속적",
      "판단해야",
      "감경이"
    ],
    "해당하는지": [
      "아파트",
      "판단되어야",
      "고용하고",
      "법이나",
      "사람이나",
      "자체가",
      "판례는",
      "처리하는",
      "여부는",
      "질서위반행위자가"
    ],
    "판단되어야": [
      "규정되어",
      "결정되는",
      "보유하고",
      "효과도",
      "제기할",
      "해당하는지",
      "정해진",
      "한다고",
      "원칙입니다",
      "질서위반행위자가"
    ],
    "판단하여야": [
      "질서위반행위자가",
      "단일성",
      "법위반",
      "포괄하여",
      "동일성이",
      "그러한",
      "규범적",
      "고용주등",
      "국가기관",
      "사안은"
    ],
    "하였다": [
      "행정기관이",
      "유리한",
      "규정하였다",
      "준용하도록",
      "아니다",
      "위하여는",
      "반영하여",
      "없더라도",
      "하도록",
      "시행된"
    ],
    "합계가": [
      "경과하였으며",
      "체납횟수",
      "천재지변이나",
      "체납발생일부터",
      "체납금액",
      "고지서",
      "체납한",
      "있지는",
      "이상인",
      "납부능력이"
    ],
    "흡연자": [
      "온라인",
      "금연상담서비스",
      "금연환경조성",
      "성인인증장치",
      "확인서",
      "금연치료",
      "금연캠프",
      "생활터",
      "상담서비스",
      "우수사례"
    ],
    "프로그램": [
      "맞춤형",
      "수행기관",
      "금연상담서비스",
      "금연상담전화",
      "금연치료",
      "전문치료형",
      "금연캠프",
      "지역금연지원센터",
      "상담서비스",
      "감면제도"
    ],
    "통합건강증진사업": [
      "국가금연정책",
      "참고자료",
      "지역사회중심",
      "안내",
      "금연정책",
      "금연지원서비스",
      "지역사회",
      "담배규제",
      "담배는",
      "자료원"
    ],
    "캠페인": [
      "유해성",
      "흡연예방",
      "다양한",
      "담배는",
      "국가금연지원서비스",
      "전자담배",
      "대학생",
      "궐련형",
      "담뱃갑",
      "담배규제기본협약"
    ],
    "포함한": [
      "사무실",
      "대안교육기관",
      "도서관법",
      "중가산금은",
      "운동장",
      "발급할",
      "시점부터",
      "유의해야",
      "담뱃갑",
      "않거나"
    ],
    "항부터": [
      "경우만",
      "해제할",
      "등록번호판이",
      "종료한",
      "자동차손해배상보장법",
      "곤란하다고",
      "생계유지",
      "공청회",
      "민사집행법",
      "실시할"
    ],
    "특별자치시장": [
      "특별자치도지사",
      "구청장",
      "구청장은",
      "엘리베이터",
      "세대주",
      "주택법",
      "관리자",
      "점유자",
      "신고하여야",
      "설치하여야"
    ],
    "특별자치도지사": [
      "특별자치시장",
      "구청장은",
      "구청장",
      "세대주",
      "주택법",
      "엘리베이터",
      "통보해야",
      "신고하여야",
      "설치하여야",
      "점유자"
    ],
    "흡연행위": [
      "확인서",
      "흡연실",
      "법정",
      "위반",
      "위반자",
      "성인인증장치",
      "행위로서",
      "금연교육",
      "흡연구역",
      "흡연"
    ],
    "흡연실": [
      "흡연실은",
      "흡연구역",
      "흡연행위",
      "유의사항",
      "대안교육기관",
      "점유자",
      "경우라도",
      "확인서",
      "성인인증장치",
      "관리자"
    ],
    "흡연실은": [
      "설치하여야",
      "점유자",
      "흡연실",
      "전체가",
      "이용자",
      "발생하지",
      "의료기관",
      "간접흡연",
      "가능한",
      "소유자"
    ],
    "흡연율": [
      "담배제품",
      "고등학교",
      "년까지",
      "대학생",
      "규제",
      "담배광고",
      "상담서비스",
      "자료원",
      "청소년",
      "담뱃갑"
    ],
    "하려는": [
      "종료되는",
      "관계가",
      "압류등록된",
      "제도적",
      "채무자",
      "되는지",
      "소유권",
      "자동차가",
      "기한이",
      "인정되지"
    ],
    "판단할": [
      "없거나",
      "질서위반행위는",
      "인정된다고",
      "국가기관",
      "구별된다",
      "결정되는",
      "신중하게",
      "규정할",
      "부과하지",
      "단순한"
    ],
    "해당하": [
      "공청회",
      "으로서",
      "긴급한",
      "반환하여야",
      "당사자등이",
      "고려할",
      "국민기초생활",
      "처리하는",
      "사실상",
      "대통령령이"
    ],
    "행정절차법": [
      "발생하게",
      "송달이",
      "공고일부터",
      "상대방이",
      "인식할",
      "적법하게",
      "일간신문",
      "불가능한",
      "송달은",
      "공시송달"
    ],
    "통지할": [
      "공고일부터",
      "신속한",
      "당사자등이",
      "영치한",
      "주무관청이",
      "등록번호",
      "불가능한",
      "없거나",
      "행정절차법",
      "송달이"
    ],
    "피용자": [
      "교부함으로써",
      "만나지",
      "분별할",
      "지능이",
      "사무원",
      "송달할",
      "전자우편주소",
      "송달은",
      "송달한",
      "쉽도록"
    ],
    "통상적인": [
      "보존하여야",
      "공고하고",
      "일간신문",
      "인터넷에도",
      "쉽도록",
      "불가능한",
      "송달이",
      "공고일부터",
      "송달할",
      "송달은"
    ],
    "하더라도": [
      "종료되는",
      "납부하고",
      "납부의무는",
      "것이라고",
      "신고가",
      "질서위반행위로서",
      "승계되지",
      "제도적",
      "여전히",
      "부적법한"
    ],
    "통보해야": [
      "부적법한",
      "이의제",
      "이의제기가",
      "것이라고",
      "습니다",
      "내용은",
      "특별자치도지사",
      "구청장은",
      "부과처분이",
      "도지사"
    ],
    "항목": [
      "감면제도",
      "권리가",
      "동의서",
      "더블클릭하면",
      "우수사례",
      "상세정보",
      "공지사항",
      "상담",
      "상담기록지",
      "화면구성"
    ],
    "항이": [
      "근거한",
      "요건이",
      "실질적",
      "고용보험법",
      "규정하는",
      "적용되는",
      "경우도",
      "준용할",
      "문제될",
      "위규제법"
    ],
    "행정상": [
      "방지하고",
      "살펴보면",
      "정책적",
      "구별되는",
      "행정법",
      "엄격하게",
      "규정되어",
      "행정법상",
      "가능성이",
      "공법상"
    ],
    "행정법상": [
      "인정된다고",
      "실질적",
      "관련성",
      "체납할",
      "때문입니다",
      "이처럼",
      "제한하는",
      "것이어야",
      "하려면",
      "부과받은"
    ],
    "하는바": [
      "아니한다고",
      "것이어야",
      "계속하여",
      "판례는",
      "명시적",
      "자동차손해배상보장법",
      "개별법상",
      "감경사유가",
      "처리하는",
      "위규제법"
    ],
    "흡연": [
      "담배",
      "흡연행위",
      "금지",
      "공공장소",
      "지하주차장",
      "담배광고",
      "궐련형",
      "흡연구역",
      "전자담배",
      "경고그림"
    ],
    "흡연구역": [
      "흡연구역현황",
      "경우라도",
      "흡연실",
      "담배판매",
      "달거나",
      "발생하지",
      "역량강화",
      "부득이한",
      "간접흡연",
      "주의사항"
    ],
    "해당하여": [
      "사법",
      "신고가",
      "형사소송법",
      "계속해서",
      "부과하는",
      "결정하여",
      "사안은",
      "질서위반행위로서",
      "승계되지",
      "규정하는"
    ],
    "해제할": [
      "일부가",
      "등록번호판이",
      "만료될",
      "체납액",
      "생계유지",
      "세무서장은",
      "한정하여",
      "일시해제",
      "곤란하다고",
      "임의적"
    ],
    "포함하여": [
      "체납횟수",
      "있지는",
      "체납할",
      "체납금액",
      "있다면",
      "기관이",
      "있음에도",
      "납부능력이",
      "제한이",
      "요구된다"
    ],
    "함으로써": [
      "법원이",
      "납부의무",
      "적당하다고",
      "규정하여",
      "법원",
      "제법",
      "부과처분은",
      "질서위반행위규",
      "판단되어야",
      "행정상"
    ],
    "행정법": [
      "행정질서벌",
      "법이",
      "공법상",
      "대상인",
      "금전적",
      "행정상",
      "적용될",
      "자로서",
      "인정될",
      "징수하는"
    ],
    "행정질서벌": [
      "행정법",
      "법이",
      "승계되지",
      "당사자인",
      "납부의무가",
      "적용하는",
      "금전적",
      "일신전속적",
      "납부의무는",
      "자로서"
    ],
    "하여금": [
      "조사가",
      "의심이",
      "발생하였다는",
      "합리적",
      "사무소",
      "부과합니다",
      "측면이",
      "필요하다고",
      "인정할",
      "도로교통법"
    ],
    "하여서는": [
      "국토교통부",
      "누구든지",
      "행위",
      "국가법령정보센터",
      "행위로서",
      "알리는",
      "법제처",
      "제목개정",
      "본조신설",
      "상대방이"
    ],
    "호부터": [
      "자동차손해배상보장법",
      "자동차손해배상",
      "부과받은",
      "국토교통부",
      "곤란한",
      "고용보험법",
      "어려울",
      "체납발생일부터",
      "납부의무자",
      "가족이"
    ],
    "행위로서": [
      "국토교통부",
      "부과하면",
      "행위",
      "않는다는",
      "가능할",
      "대해서도",
      "않는다고",
      "행위가",
      "흡연행위",
      "누구든지"
    ],
    "코티닌": [
      "금연상담서비스",
      "궐련형",
      "비대면",
      "금연관련",
      "금연클리닉",
      "맞춤형",
      "동의서",
      "통합정보시스템",
      "어려운",
      "생활터"
    ],
    "흡연예방": [
      "수행기관",
      "금연관련",
      "유해성",
      "캠페인",
      "맞춤형",
      "지역금연지원센터",
      "지원",
      "금연정책",
      "다양한",
      "전자담배"
    ],
    "해석상": [
      "차용한",
      "지방회계법",
      "납부의무가",
      "관하여도",
      "준용할",
      "준용하도록",
      "해석할",
      "문제는",
      "않는다는",
      "존재하지"
    ],
    "하자가": [
      "것이어야",
      "명백한",
      "승계되지",
      "부과하거나",
      "중요한",
      "행정처분이",
      "위하여는",
      "중대한",
      "종료되지",
      "독립된"
    ],
    "폐의약품": [
      "수거함",
      "주민센터",
      "가급적",
      "않도록",
      "불쾌한",
      "어린이",
      "니코틴",
      "느껴질",
      "주의사항",
      "중지하고"
    ],
    "호흡곤란": [
      "두근거림",
      "어지러움",
      "식은땀",
      "중지하고",
      "불쾌한",
      "부작용",
      "주의사항",
      "니코틴껌",
      "느껴질",
      "천천히"
    ],
    "해당합니다": [
      "부과합니다",
      "자동차등록령",
      "운전자가",
      "처리하는",
      "제척기간이",
      "고용주등",
      "근거가",
      "세대주",
      "특별자치시장",
      "받아야"
    ],
    "행위규제법": [
      "질서위반",
      "결정되는",
      "근거한",
      "가능하도록",
      "보유하고",
      "납부의무는",
      "근거하여",
      "일신전속적",
      "판단되어야",
      "상속재산"
    ],
    "통보하여야": [
      "준용할",
      "위탁할",
      "이의제기가",
      "처분이",
      "종료한",
      "경과하였으며",
      "통보해야",
      "체납자",
      "납부가",
      "문제가"
    ],
    "필요는": [
      "반영하여",
      "이의제",
      "절차로서",
      "것이라고",
      "거쳐야",
      "가산금이",
      "납부기한",
      "반드시",
      "적용된다",
      "없습니다"
    ],
    "판단하여": [
      "부담하고",
      "결정할",
      "상속인은",
      "부과하거나",
      "것이라고",
      "상속인이",
      "제출된",
      "지하주차장",
      "관계된",
      "제한하는"
    ],
    "합리적": [
      "발생하였다는",
      "의심이",
      "조사가",
      "사무소",
      "인정할",
      "하여금",
      "필요하다고",
      "근거하여",
      "하고자",
      "위반행위가"
    ],
    "클릭하여": [
      "선택한",
      "조회조건",
      "사업보고",
      "등록한다",
      "상담기록지",
      "월보고",
      "공통버튼",
      "시도담당",
      "보건복지부담당",
      "보고구분"
    ],
    "흡연구역현황": [
      "담배판매",
      "당기보고",
      "보고구분",
      "월보고",
      "사업보고",
      "실적보고",
      "모니터링",
      "흡연구역",
      "금연환경조성",
      "매뉴구조"
    ],
    "하겠습니다": [
      "날로부터",
      "부담하고",
      "상속인이",
      "납부의무",
      "해석상",
      "자동차손해배상",
      "상속인은",
      "도과한",
      "해당한다고",
      "가능하다고"
    ],
    "행방이": [
      "분명하지",
      "소멸시효가",
      "재산이",
      "완성된",
      "결손처분",
      "고려하면",
      "취소하고",
      "가능하다고",
      "압류할",
      "징수할"
    ],
    "후에도": [
      "사안은",
      "되는바",
      "대상은",
      "계속하여",
      "신고가",
      "부과하거나",
      "부과되어야",
      "고려하면",
      "법인격이",
      "단일성"
    ],
    "하도록": [
      "처분이",
      "개정법",
      "압류등록된",
      "위하여는",
      "부동산",
      "이의가",
      "규정되어",
      "규정하여",
      "광고물",
      "단일성"
    ],
    "행정질서벌로서": [
      "납부하고",
      "납부의무는",
      "승계되지",
      "아니고",
      "여전히",
      "정책적",
      "않거나",
      "공법상",
      "적용하는",
      "소유권"
    ],
    "현저히": [
      "곤란하거나",
      "적용하는",
      "성질상",
      "없으면",
      "단순한",
      "내용이",
      "신속한",
      "아니고",
      "긴급한",
      "부과하거나"
    ],
    "형사소송법": [
      "재판절차",
      "긴급한",
      "반하지",
      "관하여는",
      "사법",
      "아니다",
      "해당하여",
      "민사집행법",
      "납부된",
      "성질상"
    ],
    "해당할": [
      "아니한다고",
      "고용주등",
      "사람이나",
      "하는바",
      "명시적",
      "소유자는",
      "요구된다",
      "성격이",
      "않았다면",
      "가능성이"
    ],
    "하려면": [
      "인정된다고",
      "실질적",
      "관련성",
      "체납할",
      "행정법상",
      "제한하는",
      "부여하고",
      "이처럼",
      "행정절차",
      "납부하여야"
    ],
    "하는지": [
      "부과하여야",
      "일정기간",
      "판단해야",
      "대상은",
      "효과도",
      "것이라면",
      "체납횟수",
      "아니면",
      "세무서장은",
      "규범적"
    ],
    "판례는": [
      "처리하는",
      "해당한다고",
      "불과하여",
      "지방자치단체가",
      "하는바",
      "여부가",
      "유효한",
      "경우라면",
      "인식할",
      "소멸시효"
    ],
    "해당한다고": [
      "판례는",
      "처리하는",
      "고용주",
      "고용하고",
      "지방자치단체가",
      "사람이나",
      "고용주등",
      "않는다고",
      "하겠습니다",
      "해당하는지"
    ],
    "행정절차": [
      "규정할",
      "제도적",
      "납부하여야",
      "하려면",
      "자진납부",
      "주어야",
      "부득이한",
      "자로서",
      "감경은",
      "행정절차법"
    ],
    "하고자": [
      "날로서",
      "조사가",
      "지방자치단체가",
      "발생하였다는",
      "합리적",
      "경우도",
      "의심이",
      "사무소",
      "통지하고",
      "주어야"
    ],
    "해소되지": [
      "만료될",
      "한정하여",
      "생계유지가",
      "사업이",
      "곤란하거나",
      "생계유지",
      "직접적인",
      "때까지",
      "결정하는",
      "등록번호판이"
    ],
    "한정하여": [
      "만료될",
      "해소되지",
      "등록번호판",
      "기간연장",
      "사업이",
      "곤란하거나",
      "해제할",
      "결정하는",
      "때까지",
      "생계유지가"
    ],
    "행정기관": [
      "공공기관",
      "소명하여",
      "응하여야",
      "요청할",
      "해석이",
      "주소가",
      "가지는",
      "독자적인",
      "있으며",
      "결정하여"
    ],
    "행동요법": [
      "입출고",
      "보조제",
      "화면구조",
      "상담기록지",
      "상세정보",
      "니코틴보조제",
      "리스트",
      "등록한다",
      "조회조건",
      "선택하여"
    ],
    "해석된다": [
      "반환할",
      "지방회계법",
      "적용될",
      "지방세기본법",
      "있음에도",
      "적용되지",
      "이루어진",
      "규정된",
      "반환하여야",
      "처분은"
    ],
    "포괄하여": [
      "동일성이",
      "규범적",
      "단일성",
      "법위반",
      "있었던",
      "질서위반행위로서",
      "부과되어야",
      "사안은",
      "원칙입니다",
      "인정되지"
    ],
    "확인서": [
      "위반자",
      "금연교육",
      "흡연행위",
      "성인인증장치",
      "점유자",
      "지원",
      "흡연자",
      "흡연실",
      "신청서",
      "위반"
    ],
    "판단해야": [
      "일정기간",
      "효과도",
      "것이라면",
      "동일성이",
      "위반행위자",
      "아니면",
      "규범적",
      "원칙입니다",
      "있었던",
      "감경사유가"
    ],
    "화면구조": [
      "입출고",
      "행동요법",
      "보조제",
      "공지사항",
      "이용자",
      "선택된",
      "온라인신청",
      "공통버튼",
      "사용자",
      "조회된다"
    ]
  }
}