{
  "metadata": {
    "totalKeywords": 800,
    "totalSynonyms": 10000,
    "createdAt": "2025-10-31T23:16:10.501Z",
    "version": "2.2",
    "method": "embedding-cooccurrence-wordnet",
    "embeddingWeight": 0.5,
    "cooccurrenceWeight": 0.3,
    "wordnetWeight": 0.2,
    "chunked": true,
    "maxSynonymsPerKeyword": 10,
    "group": "group2",
    "keywordsCount": 239
  },
  "synonymMappings": {
    "보건소담당": [
      "선택한",
      "더블클릭하면",
      "클릭하여",
      "조회된다",
      "월보고",
      "사용자매뉴얼",
      "사용방법",
      "화면개요",
      "매뉴구조",
      "보고구분"
    ],
    "상담사": [
      "선택한",
      "더블클릭하면",
      "클릭하여",
      "조회된다",
      "사용자매뉴얼",
      "사용방법",
      "화면개요",
      "매뉴구조",
      "월보고",
      "금연사업담당자"
    ],
    "소속명": [
      "대상자명",
      "상담사명",
      "조회일자",
      "관리상태",
      "대상자리스트조회",
      "대상자리스트",
      "조회된",
      "등록번호",
      "선택된",
      "리스트"
    ],
    "상담사명": [
      "대상자명",
      "소속명",
      "조회일자",
      "관리상태",
      "대상자리스트조회",
      "대상자리스트",
      "등록번호",
      "조회된",
      "선택된",
      "리스트"
    ],
    "선택하여": [
      "소속명",
      "대상자리스트조회",
      "대상자명",
      "상담사명",
      "조회일자",
      "관리상태",
      "선택된",
      "등록한다",
      "리스트",
      "조회된"
    ],
    "선택된": [
      "대상자리스트조회",
      "조회일자",
      "관리상태",
      "소속명",
      "대상자명",
      "상담사명",
      "리스트",
      "대상자리스트",
      "조회된",
      "조회된다"
    ],
    "사용방법": [
      "접근방법",
      "보건복지부담당",
      "시도담당",
      "매뉴구조",
      "사용대상자",
      "보건소담당",
      "금연사업담당자",
      "협력기관",
      "상담사",
      "사업보고"
    ],
    "리스트": [
      "대상자리스트조회",
      "조회일자",
      "관리상태",
      "소속명",
      "상담사명",
      "대상자리스트",
      "대상자명",
      "선택된",
      "조회된",
      "클릭하면"
    ],
    "변경된": [
      "가볍게",
      "되거나",
      "법률이",
      "시간적",
      "처분은",
      "변경되거나",
      "적용하도록",
      "조회일자",
      "관리상태",
      "소속명"
    ],
    "시스템": [
      "로그인",
      "사업보고",
      "보고구분",
      "당기보고",
      "사용자",
      "흡연구역현황",
      "월보고",
      "화면구성",
      "담배판매",
      "실적보고"
    ],
    "매뉴구조": [
      "더블클릭하면",
      "선택한",
      "월보고",
      "보고구분",
      "사업보고",
      "공통버튼",
      "사용방법",
      "금연사업담당자",
      "협력기관",
      "보건소담당"
    ],
    "사용대상자": [
      "선택한",
      "더블클릭하면",
      "월보고",
      "클릭하여",
      "사용방법",
      "보고구분",
      "사용자매뉴얼",
      "화면개요",
      "사업보고",
      "금연사업담당자"
    ],
    "보건복지부담당": [
      "선택한",
      "더블클릭하면",
      "클릭하여",
      "월보고",
      "사용방법",
      "보고구분",
      "화면개요",
      "사업보고",
      "사용자매뉴얼",
      "조회된다"
    ],
    "시도담당": [
      "선택한",
      "클릭하여",
      "더블클릭하면",
      "사용방법",
      "월보고",
      "사용자매뉴얼",
      "조회된다",
      "화면개요",
      "보고구분",
      "매뉴구조"
    ],
    "사용자매뉴얼": [
      "화면구성",
      "금연사업담당자",
      "협력기관",
      "더블클릭하면",
      "상세정보",
      "공통버튼",
      "보건소담당",
      "시도담당",
      "상담사",
      "조회조건"
    ],
    "보장법": [
      "자동차손해배상",
      "국민기초생활",
      "의무보험",
      "납부의무자",
      "가족이",
      "가입의무",
      "장애인복지법",
      "부여하고",
      "권리가",
      "곤란하다고"
    ],
    "부과하": [
      "차용한",
      "의무보험",
      "고려하면",
      "사법",
      "통지하고",
      "처리하는",
      "반하여",
      "자연인",
      "자동차손해배상",
      "부과하는"
    ],
    "사회적": [
      "제척기간",
      "개별법상",
      "이른바",
      "자진납부",
      "밝혀진",
      "대표자가",
      "감경은",
      "운전자가",
      "감경사유가",
      "감경이"
    ],
    "사전통지": [
      "의견제출",
      "규정할",
      "있지는",
      "절차로서",
      "통지하고",
      "측면이",
      "규정하지",
      "자진납부",
      "부여하고",
      "정해진"
    ],
    "부과처분": [
      "의무보험",
      "납부된",
      "계속해서",
      "이의제기가",
      "부적법한",
      "의무가",
      "적법하게",
      "그로부터",
      "제척기간",
      "취소하고"
    ],
    "문제될": [
      "살펴보면",
      "구별되는",
      "때문입니다",
      "있어서는",
      "문제되는",
      "체납할",
      "사업이",
      "개시된",
      "가능할",
      "민사소송법"
    ],
    "새로운": [
      "도과한",
      "소급하여",
      "근거한",
      "날로서",
      "아니고",
      "의무보험",
      "정기검사",
      "여전히",
      "질서위반행위로서",
      "법위반"
    ],
    "미치지": [
      "경과조치",
      "가담한",
      "일반적",
      "대하여도",
      "압류할",
      "대통령령으",
      "금액은",
      "과태료부터",
      "금액이",
      "동일하게"
    ],
    "사정이": [
      "소명하여",
      "행정기관",
      "응하여야",
      "결정하여",
      "없으면",
      "일시해제",
      "고용주등",
      "사람이나",
      "곤란한",
      "고용하고"
    ],
    "변경할": [
      "제출할",
      "주어야",
      "의견이",
      "종료되지",
      "되는지",
      "제출한",
      "압류는",
      "재판은",
      "없었던",
      "공시송달"
    ],
    "선고": [
      "판결",
      "대법원",
      "인식할",
      "규정되어",
      "판단되어야",
      "질서위반행위로서",
      "판례는",
      "상당합니다",
      "송달이",
      "해석이"
    ],
    "사유가": [
      "없었던",
      "만료될",
      "해소되지",
      "한정하여",
      "사업이",
      "곤란하거나",
      "이의신청",
      "결정하는",
      "제기할",
      "부득이한"
    ],
    "부동산": [
      "개정법",
      "시점부터",
      "않거나",
      "신고한",
      "결정되는",
      "적용하도록",
      "사안은",
      "가볍게",
      "특별히",
      "압류는"
    ],
    "법률": [
      "개정법",
      "경과조치",
      "부동산",
      "적용하도록",
      "개정되기",
      "실질적",
      "시점부터",
      "근거한",
      "가볍게",
      "않거나"
    ],
    "신고한": [
      "사안은",
      "해당되는",
      "부동산",
      "되는바",
      "질서위반행위로서",
      "신고가",
      "부과하면",
      "부과되어야",
      "동일성이",
      "적법한"
    ],
    "부과되어야": [
      "포괄하여",
      "단일성",
      "법위반",
      "있었던",
      "사안은",
      "질서위반행위로서",
      "동일성이",
      "부과하여야",
      "계속해서",
      "후에도"
    ],
    "사안은": [
      "질서위반행위로서",
      "포괄하여",
      "신고한",
      "이른바",
      "부과되어야",
      "있었던",
      "단일성",
      "후에도",
      "부동산",
      "동일성이"
    ],
    "부과하면": [
      "행위로서",
      "되는바",
      "시점부터",
      "신고한",
      "액수가",
      "지방회계법",
      "범칙금",
      "것이며",
      "경우로서",
      "관리법"
    ],
    "부과하는": [
      "해당하여",
      "사법",
      "부과하",
      "자연인",
      "방지하고",
      "법인격이",
      "독자적인",
      "고지서",
      "국가기관",
      "처리하는"
    ],
    "불구하고": [
      "항에도",
      "있음에도",
      "납부능력이",
      "체납금액",
      "결정이",
      "경과하였으며",
      "체납할",
      "체납횟수",
      "요구된다",
      "있지는"
    ],
    "발생할": [
      "소멸시효가",
      "있다면",
      "해석이",
      "포함하여",
      "문제가",
      "어려울",
      "상속인",
      "습니다",
      "형법",
      "가산금이"
    ],
    "보아야": [
      "법위반",
      "동일성이",
      "규범적",
      "단일성",
      "사안은",
      "결정되는",
      "포괄하여",
      "위법상태가",
      "신고가",
      "질서위반행위로서"
    ],
    "법원은": [
      "이의신청",
      "검사는",
      "법원이",
      "없었던",
      "송달한",
      "검사가",
      "비송사건절차법",
      "인정하는",
      "상당하다고",
      "민사소송법"
    ],
    "범위": [
      "시간적",
      "되거나",
      "포함한",
      "가볍게",
      "법률이",
      "부과될",
      "변경된",
      "적용",
      "민사집행규칙",
      "세대주"
    ],
    "부과할": [
      "불과하여",
      "독자적인",
      "법인격이",
      "신고가",
      "국가기관",
      "판례는",
      "신고하여야",
      "신중하게",
      "후에도",
      "밝혀진"
    ],
    "비용은": [
      "부담하고",
      "요청한",
      "민사집행법",
      "재판절차",
      "제기할",
      "결정으로써",
      "재판은",
      "특별히",
      "민사소송법",
      "당사자등이"
    ],
    "법은": [
      "적용한다",
      "경과조치",
      "일반적",
      "대하여도",
      "요청한",
      "법률이",
      "되거나",
      "과태료부터",
      "가볍게",
      "재판이"
    ],
    "법인": [
      "대리인",
      "대표자",
      "자연인",
      "으로서",
      "관리인이",
      "재단으로서",
      "불과하여",
      "효과도",
      "법인은",
      "당사자인"
    ],
    "법인이": [
      "법인은",
      "재단으로서",
      "설립된",
      "당사자인",
      "관리인이",
      "개시된",
      "집행할",
      "자연인",
      "일신전속적",
      "상속이"
    ],
    "설립된": [
      "집행할",
      "종료한",
      "상속인",
      "사망한",
      "기한이",
      "법인이",
      "집행은",
      "상속이",
      "징수유예",
      "상속재산"
    ],
    "사실상": [
      "가지고",
      "기관이",
      "압류는",
      "정책",
      "설립된",
      "있거나",
      "납부할",
      "법률상",
      "필요가",
      "해당하"
    ],
    "상당한": [
      "종료되는",
      "제출한",
      "이유가",
      "제도적",
      "의견이",
      "기한이",
      "주어야",
      "신고가",
      "되는지",
      "신고하여야"
    ],
    "받아야": [
      "정기검사",
      "유효기간",
      "요건이",
      "되는지",
      "부과합니다",
      "대표자가",
      "행정기관이",
      "변경한",
      "부득이한",
      "해당합니다"
    ],
    "성질상": [
      "유추적용할",
      "이해관계",
      "반하여",
      "관하여도",
      "사법",
      "허용되지",
      "효력은",
      "제외하고",
      "현저히",
      "경우라면"
    ],
    "사법": [
      "유추적용할",
      "이해관계",
      "반하여",
      "성질상",
      "허용되지",
      "납부가",
      "형사소송법",
      "해당하여",
      "제외하고",
      "부과하"
    ],
    "민법": [
      "상속인은",
      "민사집행규칙",
      "상속이",
      "피상속인",
      "유추적용할",
      "사법",
      "소유권이",
      "이해관계",
      "개시된",
      "않더라도"
    ],
    "법률상": [
      "유추적용할",
      "이해관계",
      "반하여",
      "성질상",
      "관하여도",
      "사람이나",
      "효력은",
      "금전적",
      "고용주등",
      "사실상"
    ],
    "반하여": [
      "이해관계",
      "유추적용할",
      "관하여도",
      "성질상",
      "효력은",
      "사법",
      "허용되지",
      "경우라면",
      "납부가",
      "납부된"
    ],
    "문제된다": [
      "여부가",
      "판단된다",
      "그런데",
      "아니면",
      "감경은",
      "않더라도",
      "소유권이",
      "이의제기가",
      "유추적용할",
      "없더라도"
    ],
    "시행령": [
      "해소되지",
      "만료될",
      "부과기준",
      "부과기준은",
      "분할납부",
      "지방회계법",
      "징수유예등",
      "고지서",
      "주택법",
      "감경할"
    ],
    "법이": [
      "행정법",
      "행정질서벌",
      "피상속인",
      "자로서",
      "금전적",
      "납부가",
      "의무보험",
      "징수하는",
      "대상인",
      "자동차손해배상"
    ],
    "법적": [
      "공법상",
      "성격이",
      "적용될",
      "조항",
      "명시적",
      "행정상",
      "징수하도록",
      "없더라도",
      "적용하는",
      "제한하는"
    ],
    "비추어": [
      "납부하고",
      "번호판",
      "곤란하거나",
      "조항",
      "새롭게",
      "제한하는",
      "판단된다",
      "영치한",
      "현저히",
      "대해서도"
    ],
    "부과가": [
      "국가기관",
      "법인격이",
      "독자적인",
      "제척기간이",
      "그로부터",
      "광고물",
      "가능한지",
      "으로서",
      "옥외광고물",
      "처리하는"
    ],
    "민사소송법": [
      "적당하다고",
      "비송사건절차법",
      "즉시항고",
      "생긴다",
      "갈음할",
      "문제될",
      "살펴보면",
      "결정으로써",
      "지방법원",
      "재판은"
    ],
    "사항": [
      "사항이",
      "실시할",
      "현저히",
      "관허사업",
      "보건복지부",
      "공청회",
      "보건복지부령이",
      "건강",
      "규정한",
      "내용은"
    ],
    "법원": [
      "지방법원",
      "적당하다고",
      "함으로써",
      "재판절차",
      "이의가",
      "결정은",
      "부과하거나",
      "규칙",
      "비송사건절차법",
      "대리인"
    ],
    "발생한": [
      "과태료부터",
      "경과조치",
      "일반적",
      "적용하게",
      "부과되었지만",
      "대하여도",
      "미치지",
      "중가산금은",
      "적용한다",
      "중가산금이"
    ],
    "신청서": [
      "감면제도",
      "기간연장",
      "해당되는",
      "금연지원",
      "온라인",
      "교육",
      "받으려는",
      "동의서",
      "전화번호",
      "확인서"
    ],
    "생긴다": [
      "갈음할",
      "적당하다고",
      "결정으로써",
      "결정은",
      "압류는",
      "소급하여",
      "재판은",
      "따라야",
      "부과하거나",
      "요하지"
    ],
    "법원이": [
      "적당하다고",
      "갈음할",
      "생긴다",
      "결정은",
      "결정으로써",
      "함으로써",
      "처분이",
      "없더라도",
      "된다고",
      "이의신청"
    ],
    "소멸시효": [
      "해석할",
      "개정되기",
      "행정처분이",
      "불과하여",
      "소멸시효가",
      "단순한",
      "동일하게",
      "아니면",
      "판례는",
      "사안은"
    ],
    "상당합니다": [
      "동일성이",
      "가볍게",
      "규정하는",
      "대법원",
      "지방세",
      "선고",
      "없습니다",
      "변경된",
      "판결",
      "아니라"
    ],
    "소멸시효가": [
      "행방이",
      "분명하지",
      "완성된",
      "재산이",
      "결손처분",
      "취소하고",
      "해석이",
      "발생할",
      "소멸시효",
      "준용하도록"
    ],
    "불과하여": [
      "판례는",
      "법인격이",
      "단순한",
      "공공기관",
      "행정처분이",
      "독자적인",
      "가능한지",
      "소멸시효",
      "지방자치단체가",
      "관련하여"
    ],
    "미치는": [
      "효과도",
      "부과되고",
      "제재로서",
      "것이라면",
      "원칙입니다",
      "위반행위자",
      "아니면",
      "일신전속적",
      "스트레스",
      "판단해야"
    ],
    "습니다": [
      "자동차등록령",
      "부적법한",
      "이의제",
      "것이라고",
      "있으면",
      "입증되고",
      "상속재산",
      "중가산금은",
      "통보해야",
      "인식할"
    ],
    "상속인이": [
      "피상속인",
      "납부의무",
      "상속인은",
      "하였더라도",
      "상속재산",
      "사망한",
      "소유권이",
      "상속인",
      "적용하여야",
      "부담하게"
    ],
    "부과된": [
      "부과되었지만",
      "중가산금이",
      "법인은",
      "대표자",
      "것이나",
      "있더라도",
      "대상은",
      "대리인",
      "절차가",
      "상속재산"
    ],
    "사망한": [
      "상속재산",
      "집행할",
      "종료한",
      "설립된",
      "일신전속적",
      "상속인이",
      "상속인",
      "납부의무",
      "기한이",
      "제기하지"
    ],
    "민사집행법": [
      "강제집행",
      "민사집행규칙",
      "집행은",
      "비용은",
      "부담하고",
      "종료한",
      "전체가",
      "형사소송법",
      "가지고",
      "재판이"
    ],
    "문제가": [
      "어려울",
      "있었다",
      "징수가",
      "부과는",
      "발생할",
      "주소지",
      "상속인",
      "근거가",
      "금액이",
      "소멸시효가"
    ],
    "민사집행규칙": [
      "강제집행",
      "상속인은",
      "전체가",
      "피상속인",
      "가지고",
      "않더라도",
      "소유권이",
      "민사집행법",
      "포괄적",
      "규정되어"
    ],
    "상속인": [
      "피상속인",
      "상속이",
      "상속인은",
      "민사집행규칙",
      "소유권이",
      "개시된",
      "설립된",
      "사망한",
      "체납처분",
      "가입의무"
    ],
    "소유권이": [
      "않더라도",
      "피상속인",
      "변경되거나",
      "아니고",
      "않아도",
      "상속인은",
      "민사집행규칙",
      "부담하게",
      "위반자",
      "압류가"
    ],
    "소유자": [
      "점유자",
      "말소등록",
      "관리자",
      "알리는",
      "흡연실은",
      "민사집행규칙",
      "피상속인",
      "설치하여야",
      "신고하여야",
      "상속인은"
    ],
    "상속인은": [
      "민사집행규칙",
      "피상속인",
      "않더라도",
      "소유권이",
      "상속이",
      "개시된",
      "가능하도록",
      "상속인",
      "부담하고",
      "요하지"
    ],
    "부담하게": [
      "피상속인",
      "소유권이",
      "상속인은",
      "않더라도",
      "요하지",
      "납부의무는",
      "승계되지",
      "가입의무",
      "상속이",
      "의무는"
    ],
    "소유자가": [
      "상속이",
      "피상속인",
      "가입의무",
      "개시된",
      "자동차손해배상",
      "자동차등록령",
      "요하지",
      "정기검사",
      "상속인은",
      "부여하고"
    ],
    "상속이": [
      "개시된",
      "피상속인",
      "상속인은",
      "상속인",
      "요하지",
      "납부할",
      "가입의무",
      "소유자가",
      "법인은",
      "민법"
    ],
    "사실이": [
      "입증되고",
      "비디오테이프나",
      "발급할",
      "경우만",
      "범칙금",
      "고용주",
      "고용주등",
      "조부터",
      "조까지",
      "위반한"
    ],
    "비디오테이프나": [
      "입증되고",
      "발급할",
      "사실이",
      "고용주",
      "범칙금",
      "경우만",
      "조까지",
      "조부터",
      "고용하고",
      "사람이나"
    ],
    "부과한다": [
      "변경한",
      "발급할",
      "비디오테이프나",
      "입증되고",
      "신고하여야",
      "천만원",
      "아니하거나",
      "위반하여",
      "대리인",
      "적용됩니다"
    ],
    "발급할": [
      "비디오테이프나",
      "입증되고",
      "범칙금",
      "고용주",
      "경우만",
      "조까지",
      "사실이",
      "조부터",
      "확인할",
      "개월이"
    ],
    "범칙금": [
      "발급할",
      "비디오테이프나",
      "입증되고",
      "경우만",
      "고용주",
      "정해진",
      "운전자가",
      "원칙입니다",
      "고용하고",
      "납부하여야"
    ],
    "부과되고": [
      "효과도",
      "적용하게",
      "부과되었지만",
      "원칙입니다",
      "미치는",
      "일신전속적",
      "제재로서",
      "것이라면",
      "과태료부터",
      "아니면"
    ],
    "부과되는": [
      "경미한",
      "원칙입니다",
      "규범적",
      "납부하고",
      "동일성이",
      "구별된다",
      "적용되지",
      "질서위반행위자가",
      "일정기간",
      "형사소송법"
    ],
    "사람이나": [
      "고용하고",
      "고용주등",
      "법이나",
      "질서위반행위자가",
      "고용주",
      "소유자는",
      "입증되고",
      "비디오테이프나",
      "해당한다고",
      "도로교통법"
    ],
    "사용자": [
      "로그인",
      "법이나",
      "고용하고",
      "선택된",
      "사람이나",
      "시스템",
      "화면구조",
      "공지사항",
      "선택한",
      "등록자"
    ],
    "법이나": [
      "고용하고",
      "사람이나",
      "질서위반행위자가",
      "고용주",
      "고용주등",
      "운전자가",
      "사용자",
      "경우만",
      "해당하는지",
      "도로교통법"
    ],
    "법인인": [
      "법인은",
      "재판절차",
      "체납자",
      "개시된",
      "인식할",
      "대상은",
      "고지서",
      "상대방이",
      "원인이",
      "지방법원"
    ],
    "사항은": [
      "보건복지부장관",
      "대통령령으",
      "긴급한",
      "지방자치단체는",
      "대통령령이",
      "해제할",
      "연구",
      "실시할",
      "조례안",
      "인정될"
    ],
    "부과한": [
      "지방자치단체가",
      "부과되었지만",
      "적용하게",
      "경우도",
      "위탁할",
      "이의가",
      "아니면",
      "하고자",
      "체납금액",
      "있어서는"
    ],
    "상담": [
      "상담기록지",
      "대상자",
      "등록카드",
      "등록한다",
      "프로그램",
      "대상자가",
      "항목",
      "온라인신청",
      "화면구성",
      "금연사업담당자"
    ],
    "보건소": [
      "의료기관",
      "보건",
      "금연클리닉",
      "니코틴",
      "전문치료형",
      "지역금연지원센터",
      "금연사업",
      "금연캠프",
      "우수사례",
      "금연상담서비스"
    ],
    "생활터": [
      "금연환경",
      "지역금연지원센터",
      "전문치료형",
      "역량강화",
      "금연상담서비스",
      "금연사업",
      "찾아가는",
      "금연캠프",
      "지원",
      "맞춤형"
    ],
    "서비스": [
      "금연지원",
      "이용자",
      "전문치료형",
      "금연캠프",
      "온라인",
      "국가금연지원서비스",
      "감면제도",
      "교육",
      "금연치료",
      "금연상담전화"
    ],
    "모니터링": [
      "당기보고",
      "실적보고",
      "흡연구역현황",
      "월보고",
      "담배판매",
      "사업보고",
      "보고구분",
      "금연환경조성",
      "선택한",
      "공중이용시설"
    ],
    "상담서비스": [
      "금연환경조성",
      "금연상담서비스",
      "니코틴보조제",
      "스트레스",
      "역량강화",
      "맞춤형",
      "금연상담",
      "다양한",
      "우수사례",
      "이용자"
    ],
    "스트레스": [
      "니코틴보조제",
      "전문치료형",
      "상담서비스",
      "미치는",
      "금연캠프",
      "있거나",
      "금연환경",
      "전자담배",
      "참고자료",
      "통합건강증진사업"
    ],
    "수행기관": [
      "흡연예방",
      "프로그램",
      "지역금연지원센터",
      "찾아가는",
      "금연상담사",
      "온라인",
      "니코틴보조제",
      "금연상담전화",
      "금연환경",
      "금연사업"
    ],
    "부작용": [
      "두근거림",
      "어지러움",
      "식은땀",
      "호흡곤란",
      "중지하고",
      "불쾌한",
      "느껴질",
      "니코틴껌",
      "주의사항",
      "천천히"
    ],
    "시도": [
      "금연상담서비스",
      "찾아가는",
      "금연상담사",
      "등록자",
      "금연관련",
      "금연클리닉",
      "등록카드",
      "금연정책",
      "국민",
      "도서관"
    ],
    "시행규칙": [
      "해당되는",
      "개정되기",
      "경고문구",
      "기산하고",
      "국민건강증진법",
      "세대주",
      "저촉되는",
      "유리한",
      "있더라도",
      "지하주차장"
    ],
    "설치하여야": [
      "흡연실은",
      "알리는",
      "점유자",
      "대통령령이",
      "운동장",
      "영유아보육법",
      "대안교육기관",
      "의료기관",
      "소유자",
      "전체가"
    ],
    "맞춤형": [
      "프로그램",
      "금연관련",
      "흡연예방",
      "다양한",
      "생활터",
      "금연상담전화",
      "상담서비스",
      "담배는",
      "코티닌",
      "온라인"
    ],
    "법인은": [
      "개시된",
      "법인격이",
      "되는지",
      "대상은",
      "가지는",
      "법인이",
      "상속이",
      "납부의무가",
      "압류는",
      "납부할"
    ],
    "송달이": [
      "쉽도록",
      "공고하고",
      "인터넷에도",
      "일간신문",
      "통상적인",
      "불가능한",
      "보존하여야",
      "공고일부터",
      "발생하게",
      "행정절차법"
    ],
    "불가능한": [
      "쉽도록",
      "공고하고",
      "인터넷에도",
      "일간신문",
      "보존하여야",
      "통상적인",
      "공고일부터",
      "송달이",
      "송달은",
      "공시송달"
    ],
    "송달은": [
      "송달할",
      "교부함으로써",
      "만나지",
      "분별할",
      "피용자",
      "지능이",
      "전자우편주소",
      "사무원",
      "쉽도록",
      "일간신문"
    ],
    "사무소": [
      "조사가",
      "의심이",
      "발생하였다는",
      "합리적",
      "송달할",
      "분별할",
      "교부함으로써",
      "만나지",
      "피용자",
      "지능이"
    ],
    "송달할": [
      "분별할",
      "교부함으로써",
      "만나지",
      "피용자",
      "지능이",
      "사무원",
      "전자우편주소",
      "송달은",
      "쉽도록",
      "공고하고"
    ],
    "만나지": [
      "교부함으로써",
      "피용자",
      "분별할",
      "지능이",
      "사무원",
      "송달할",
      "송달은",
      "전자우편주소",
      "쉽도록",
      "일간신문"
    ],
    "사무원": [
      "교부함으로써",
      "만나지",
      "피용자",
      "분별할",
      "지능이",
      "송달할",
      "전자우편주소",
      "송달은",
      "송달한",
      "공시송달"
    ],
    "분별할": [
      "교부함으로써",
      "만나지",
      "피용자",
      "지능이",
      "송달할",
      "전자우편주소",
      "사무원",
      "송달은",
      "송달한",
      "쉽도록"
    ],
    "쉽도록": [
      "일간신문",
      "인터넷에도",
      "공고하고",
      "보존하여야",
      "불가능한",
      "공고일부터",
      "송달할",
      "통상적인",
      "송달이",
      "전자우편주소"
    ],
    "보존하여야": [
      "공고하고",
      "인터넷에도",
      "쉽도록",
      "일간신문",
      "통상적인",
      "불가능한",
      "전자우편주소",
      "송달이",
      "확인할",
      "이용하여"
    ],
    "시행하여야": [
      "긴급히",
      "공고일부터",
      "공고하고",
      "쉽도록",
      "인터넷에도",
      "불가능한",
      "효력이",
      "이용하여",
      "송달이",
      "제외하고는"
    ],
    "부적법한": [
      "이의제기가",
      "통보해야",
      "것이라고",
      "이의제",
      "효력은",
      "징수절차는",
      "이의제기",
      "상대방이",
      "습니다",
      "즉시항고"
    ],
    "신청": [
      "국가금연지원서비스",
      "온라인",
      "감면제도",
      "온라인신청",
      "동의서",
      "금연지원",
      "기간연장",
      "신청서",
      "교육",
      "엘리베이터"
    ],
    "세대주": [
      "유의사항",
      "엘리베이터",
      "동의서",
      "지하주차장",
      "주민센터",
      "반드시",
      "특별자치도지사",
      "법정",
      "특별자치시장",
      "조사가"
    ],
    "반드시": [
      "유의사항",
      "세대주",
      "시점부터",
      "필요는",
      "이의제",
      "않거나",
      "개정법",
      "부동산",
      "거쳐야",
      "동의서"
    ],
    "법령": [
      "고등학교",
      "유치원",
      "가지고",
      "체육시설",
      "어린이집",
      "결정하여",
      "규칙",
      "등록번호",
      "설치하여야",
      "대안교육기관"
    ],
    "방지하고": [
      "엄격하게",
      "살펴보면",
      "행정상",
      "실효성",
      "책임이",
      "국민",
      "있어서",
      "적용하여",
      "있어서는",
      "행위는"
    ],
    "살펴보면": [
      "체납횟수",
      "방지하고",
      "구별되는",
      "체납액",
      "엄격하게",
      "문제되는",
      "문제될",
      "사업이",
      "요구된다",
      "개시된"
    ],
    "문제되는": [
      "체납횟수",
      "살펴보면",
      "구별되는",
      "경과하였으며",
      "체납발생일부터",
      "엄격하게",
      "체납할",
      "문제될",
      "사업이",
      "개시된"
    ],
    "사업이": [
      "곤란하거나",
      "고용보험법",
      "납부의무자",
      "생계유지가",
      "가족이",
      "살펴보면",
      "해소되지",
      "채무자",
      "구별되는",
      "만료될"
    ],
    "부과받은": [
      "인정된다고",
      "실질적",
      "관련성",
      "체납할",
      "때문입니다",
      "것이어야",
      "행정법상",
      "합계가",
      "관리법",
      "하려면"
    ],
    "실질적": [
      "인정된다고",
      "관련성",
      "체납할",
      "근거한",
      "때문입니다",
      "행정법상",
      "이처럼",
      "하려면",
      "제한하는",
      "부과받은"
    ],
    "보조제": [
      "가이드라인",
      "행동요법",
      "입출고",
      "니코틴",
      "화면구조",
      "상담기록지",
      "금연클리닉",
      "니코틴보조제",
      "상세정보",
      "선택하여"
    ],
    "성인인증장치": [
      "확인서",
      "위반",
      "담배광고",
      "경고문구",
      "점유자",
      "금연지도원",
      "금연교육",
      "국민건강증진법",
      "흡연자",
      "금연상담사"
    ],
    "보건": [
      "의료기관",
      "보건소",
      "체육시설",
      "사무실",
      "지역금연지원센터",
      "경고그림",
      "담배규제기본협약",
      "서비스",
      "지원",
      "보건복지부장관은"
    ],
    "신고가": [
      "질서위반행위로서",
      "신고하여야",
      "기산하고",
      "신고한",
      "않았다면",
      "후에도",
      "해당하여",
      "제척기간이",
      "그로부터",
      "동일성이"
    ],
    "부과기준": [
      "부과기준은",
      "따르도록",
      "유리한",
      "주택법",
      "위반행위가",
      "있었던",
      "반환하여야",
      "거쳐야",
      "부과하고",
      "위반"
    ],
    "부과하고": [
      "따르도록",
      "법령이",
      "부여하고",
      "규범적",
      "광고물",
      "감경사유가",
      "고용주등",
      "근거하여",
      "범칙금",
      "부과해야"
    ],
    "부과기준은": [
      "부과기준",
      "규정하여",
      "따르도록",
      "명시하고",
      "보건복지부장관",
      "위반행위",
      "위반행위가",
      "경우라도",
      "감경할",
      "부과하도록"
    ],
    "부과하도록": [
      "부여하고",
      "고용주",
      "규정하지",
      "않았다면",
      "신고가",
      "징수하도록",
      "의무보험",
      "가입의무",
      "입증되고",
      "효과도"
    ],
    "부과하여야": [
      "하는지",
      "부과되어야",
      "당사자인",
      "변경한",
      "위규제법",
      "법인은",
      "대표자가",
      "주어야",
      "고용주등",
      "질서위반행"
    ],
    "부득이한": [
      "고용보험법",
      "만료될",
      "납부의무자",
      "해소되지",
      "사업이",
      "가족이",
      "곤란하거나",
      "분할납부나",
      "흡연구역",
      "발생하지"
    ],
    "부과처분은": [
      "간주하여",
      "제기할",
      "있으면",
      "있다면",
      "이의제기가",
      "결정이",
      "하였더라도",
      "근거한",
      "부과처분이",
      "행정처분이"
    ],
    "성격이": [
      "적용될",
      "명시적",
      "법인격이",
      "고려하면",
      "법적",
      "지방세징수법",
      "규정된",
      "고려할",
      "국세징수법",
      "해당할"
    ],
    "법정": [
      "고등학교",
      "유치원",
      "주의사항",
      "대안교육기관",
      "어린이집",
      "흡연행위",
      "공중이용시설",
      "세대주",
      "금연구역",
      "의무화"
    ],
    "시행": [
      "부과되었지만",
      "적용하게",
      "과태료부터",
      "경과조치",
      "부과되고",
      "적용한다",
      "역량강화",
      "일반적",
      "유해성",
      "공공장소"
    ],
    "생년월일": [
      "백상지",
      "등록한다",
      "전화번호",
      "대상자명",
      "상담사명",
      "대상자가",
      "해당되는",
      "온라인신청",
      "기간연장",
      "선택하여"
    ],
    "본조신설": [
      "보건복지부장관은",
      "보건복지부장관이",
      "보건복지부령이",
      "곤란하다고",
      "보건복지부장관",
      "하여서는",
      "가향물질",
      "대통령령이",
      "지방자치단체는",
      "국토교통부"
    ],
    "보건복지부장관은": [
      "대통령령이",
      "본조신설",
      "보건복지부장관이",
      "연구",
      "납부하여야",
      "지방자치단체는",
      "보건교육",
      "제목개정",
      "보건복지부장관",
      "제출하지"
    ],
    "법제처": [
      "국가법령정보센터",
      "국토교통부",
      "아니한다고",
      "보건복지부장관",
      "하는바",
      "보건복지부령이",
      "국민건강영양조사",
      "누구든지",
      "명시적",
      "하여서는"
    ],
    "보건복지부장관이": [
      "보건교육",
      "보건복지부령이",
      "보건복지부장관은",
      "위탁할",
      "정하여",
      "필요하다고",
      "세대주",
      "특별자치시장",
      "본조신설",
      "사항이"
    ],
    "보건교육": [
      "연구",
      "보건복지부장관이",
      "금연교육",
      "보건복지부장관",
      "대통령령이",
      "받으려는",
      "자로서",
      "첨부하여",
      "보건복지부",
      "국민건강영양조사"
    ],
    "부과하지": [
      "질서위반행위는",
      "과실이",
      "이유가",
      "않는다고",
      "없거나",
      "질서위반행위로서",
      "요건이",
      "판단할",
      "제출한",
      "의견이"
    ],
    "사무실": [
      "공공기관",
      "보건",
      "공공장소",
      "유해성",
      "의무화",
      "경우도",
      "포괄적",
      "의료기관",
      "포함한",
      "담뱃갑"
    ],
    "불쾌한": [
      "느껴질",
      "천천히",
      "두근거림",
      "어지러움",
      "식은땀",
      "호흡곤란",
      "중지하고",
      "때까지",
      "부작용",
      "있으나"
    ],
    "수거함": [
      "폐의약품",
      "주민센터",
      "가급적",
      "않도록",
      "주의사항",
      "불쾌한",
      "어린이",
      "중지하고",
      "느껴질",
      "니코틴"
    ],
    "식은땀": [
      "두근거림",
      "어지러움",
      "호흡곤란",
      "중지하고",
      "불쾌한",
      "부작용",
      "느껴질",
      "니코틴껌",
      "주의사항",
      "천천히"
    ],
    "서위반행위규제법": [
      "부과되었지만",
      "중가산금이",
      "징수유예",
      "체납처",
      "징수하게",
      "있더라도",
      "동일하게",
      "규정하",
      "가산금이",
      "반행위규제법"
    ],
    "반하지": [
      "지방회계법",
      "형사소송법",
      "절차는",
      "준용할",
      "납부가",
      "재판절차",
      "항에도",
      "일반적",
      "조항",
      "경우라면"
    ],
    "분할납부나": [
      "징수유예",
      "곤란하다고",
      "납부의무자",
      "국민기초생활",
      "대상은",
      "결정이",
      "고용보험법",
      "체납처",
      "징수유예등",
      "해소되지"
    ],
    "생계유지가": [
      "생계유지",
      "사업이",
      "곤란하거나",
      "직접적인",
      "기간연장",
      "해소되지",
      "등록번호판이",
      "곤란하다고",
      "등록번호판",
      "고용보험법"
    ],
    "분할납부": [
      "받으려는",
      "기간연장",
      "납부기한",
      "일시해제",
      "강제집행",
      "전자우편주소",
      "해제할",
      "곤란하거나",
      "행정기관이",
      "관련성"
    ],
    "받으려는": [
      "분할납부",
      "기간연장",
      "고용보험법",
      "납부의무자",
      "가족이",
      "곤란하거나",
      "보건교육",
      "생계유지가",
      "해소되지",
      "납부하여야"
    ],
    "로그인": [
      "사용자",
      "허용되지",
      "시스템",
      "조회일자",
      "관리상태",
      "소속명",
      "사용방법",
      "대상자명",
      "공지사항",
      "화면구성"
    ],
    "부과될": [
      "징수절차는",
      "금액은",
      "관허사업",
      "감경할",
      "규정하지",
      "결정이",
      "신용정보",
      "행정기관이",
      "가지는",
      "소유자는"
    ],
    "상대방이": [
      "인식할",
      "행정처분이",
      "자체가",
      "발생하게",
      "행정절차법",
      "송달이",
      "효력은",
      "적용됩니다",
      "적법하게",
      "송달은"
    ],
    "반행위규제법": [
      "질서위",
      "하였더라도",
      "하는바",
      "서위반행위규제법",
      "자동차손해배상보장법",
      "있으면",
      "아파트",
      "해당하는지",
      "부과하고",
      "관련성"
    ],
    "신속한": [
      "통지할",
      "현저히",
      "성질상",
      "즉시항고",
      "곤란하거나",
      "하려면",
      "처분이",
      "단순한",
      "항에도",
      "알려야"
    ],
    "명시하고": [
      "규정하여",
      "자체가",
      "개정법",
      "재단으로서",
      "신고가",
      "임의적",
      "있더라도",
      "관리인이",
      "자연인",
      "부과기준은"
    ],
    "발생하였다는": [
      "합리적",
      "의심이",
      "조사가",
      "사무소",
      "인정할",
      "하여금",
      "필요하다고",
      "근거하여",
      "하고자",
      "위반행위가"
    ],
    "법위반": [
      "포괄하여",
      "동일성이",
      "질서위반행위로서",
      "단일성",
      "규범적",
      "있었던",
      "원칙입니다",
      "부과되어야",
      "인정되지",
      "판단하여야"
    ],
    "실적보고": [
      "당기보고",
      "월보고",
      "보고구분",
      "사업보고",
      "흡연구역현황",
      "담배판매",
      "모니터링",
      "공중이용시설",
      "클릭하여",
      "조회조건"
    ],
    "사업보고": [
      "보고구분",
      "월보고",
      "흡연구역현황",
      "당기보고",
      "실적보고",
      "담배판매",
      "모니터링",
      "클릭하여",
      "공중이용시설",
      "조회조건"
    ],
    "보고구분": [
      "월보고",
      "사업보고",
      "흡연구역현황",
      "당기보고",
      "담배판매",
      "실적보고",
      "모니터링",
      "공중이용시설",
      "클릭하여",
      "접근방법"
    ],
    "보건복지부": [
      "국민건강영양조사",
      "생활터",
      "지역금연지원센터",
      "보건교육",
      "금연사업",
      "수행기관",
      "담배규제기본협약",
      "보건복지부령이",
      "담배규제",
      "전문치료형"
    ],
    "상당하다고": [
      "이의신청",
      "없었던",
      "적용하는",
      "검사가",
      "위탁할",
      "검사는",
      "가볍게",
      "인정하는",
      "하겠습니다",
      "근거가"
    ],
    "선택한": [
      "조회조건",
      "더블클릭하면",
      "공통버튼",
      "클릭하여",
      "보건소담당",
      "상담사",
      "시도담당",
      "보건복지부담당",
      "매뉴구조",
      "모니터링"
    ],
    "법령이": [
      "납부된",
      "적법하게",
      "단일성",
      "소급하여",
      "적용하여야",
      "준용할",
      "규범적",
      "책임이",
      "따르도록",
      "일반적"
    ],
    "부여하고": [
      "가입의무",
      "개정법",
      "의무보험",
      "자동차손해배상",
      "하려면",
      "계속해서",
      "의미합니다",
      "보장법",
      "부과하도록",
      "소유자는"
    ],
    "분명하지": [
      "행방이",
      "소멸시효가",
      "완성된",
      "재산이",
      "결손처분",
      "취소하고",
      "징수가",
      "압류할",
      "징수할",
      "없다고"
    ],
    "부과되었지만": [
      "적용하게",
      "과태료부터",
      "대해서",
      "부과되고",
      "서위반행위규제법",
      "아니면",
      "가산금이",
      "시행",
      "중가산금이",
      "적용된다"
    ],
    "보유하고": [
      "결정되는",
      "징수는",
      "보유한",
      "판단되어야",
      "신용정보",
      "범위는",
      "기관이",
      "단순히",
      "응하여야",
      "알려야"
    ],
    "법령상": [
      "적용이",
      "체납횟수",
      "있지는",
      "감경할",
      "경우라도",
      "감경사유가",
      "장애인복지법",
      "기관이",
      "체납금액",
      "포함하여"
    ],
    "변경한": [
      "부과하여야",
      "적용하도록",
      "위반하여",
      "아니하고",
      "부과한다",
      "소멸시효가",
      "변경할",
      "우려가",
      "받아야",
      "아니한"
    ],
    "부과합니다": [
      "해당합니다",
      "따르지",
      "아니할",
      "동법",
      "받아야",
      "의하면",
      "질서위반행위는",
      "부과해야",
      "하여금",
      "불구하고"
    ],
    "신용정보": [
      "알려야",
      "그로부터",
      "관허사업",
      "보유하고",
      "하는바",
      "관하여도",
      "준용하도록",
      "체납금액",
      "기관이",
      "체납발생일부터"
    ],
    "신고하여야": [
      "말소등록",
      "신고가",
      "옥외광고물",
      "광고물",
      "정하",
      "제척기간이",
      "허가",
      "상당한",
      "특별자치도지사",
      "특별자치시장"
    ],
    "시간적": [
      "법률이",
      "가볍게",
      "변경된",
      "되거나",
      "범위",
      "변경되거나",
      "적용하도록",
      "처분은",
      "적용하는",
      "해당하지"
    ],
    "시점부터": [
      "않거나",
      "개정법",
      "부동산",
      "적용하도록",
      "날로부터",
      "경과할",
      "가볍게",
      "개월이",
      "액수가",
      "중가산금은"
    ],
    "문제는": [
      "지방회계법",
      "여전히",
      "해석상",
      "관하여도",
      "준용할",
      "준용하도록",
      "해석할",
      "피상속인",
      "납부의무는",
      "완성된"
    ],
    "신고하지": [
      "말소등록",
      "제척기간이",
      "의미합니다",
      "종료된",
      "그로부터",
      "근거가",
      "개시된",
      "완성된",
      "의무가",
      "체납발생일부터"
    ],
    "산하여": [
      "가산하여",
      "징수하는",
      "부하지",
      "초과하지",
      "경과할",
      "징수한다",
      "도과한",
      "납부기한까지",
      "기간은",
      "개월이"
    ],
    "부과는": [
      "신중하게",
      "하였더라도",
      "국가기관",
      "처리하는",
      "있으면",
      "그러한",
      "않는다는",
      "도과한",
      "어려울",
      "것인바"
    ],
    "보건복지부령이": [
      "국민건강영양조사",
      "대통령령이",
      "보건복지부장관이",
      "실시할",
      "누구든지",
      "보건복지부장관",
      "지방자치단체는",
      "보건복지부",
      "제출하여야",
      "의하여"
    ],
    "발생하게": [
      "행정절차법",
      "상대방이",
      "송달이",
      "적용됩니다",
      "위반행위자",
      "적법하게",
      "자체가",
      "효력은",
      "송달은",
      "주소지"
    ],
    "발생하지": [
      "납부의무는",
      "효력은",
      "사무원",
      "부과되었지만",
      "주소지",
      "질서위반행위자가",
      "흡연구역",
      "흡연실은",
      "발생하게",
      "상대방이"
    ],
    "부과처분이": [
      "유효한",
      "하였더라도",
      "측면이",
      "독립된",
      "때문입니다",
      "적법한",
      "제법",
      "부과처분은",
      "부과는",
      "이의제"
    ],
    "시행된": [
      "있었다",
      "납부하고",
      "위규제법",
      "납부의무는",
      "규정하였다",
      "대하여도",
      "과실이",
      "국민",
      "개별법",
      "질서위반행"
    ],
    "보입니다": [
      "독자적인",
      "법인격이",
      "부과받은",
      "주택법",
      "천만원",
      "태료",
      "이의제기",
      "공공기관",
      "해당하지",
      "대상이"
    ],
    "실효성": [
      "방지하고",
      "엄격하게",
      "담뱃갑",
      "있으면",
      "위규제법",
      "행정기관이",
      "경고그림",
      "적용하여",
      "행위는",
      "질서위반행"
    ],
    "사항이": [
      "이의가",
      "제출된",
      "그러한",
      "국가기관",
      "주소지",
      "요구할",
      "따라야",
      "사항",
      "여부는",
      "전화번호"
    ],
    "소유권": [
      "요하지",
      "압류등록된",
      "적용되지",
      "승계되지",
      "납부의무자",
      "납부의무는",
      "납부하고",
      "가지는",
      "행정질서벌로서",
      "자동차가"
    ],
    "변경되거나": [
      "소유권이",
      "적용하도록",
      "않더라도",
      "위반자",
      "아니고",
      "않아도",
      "압류가",
      "압류등록된",
      "있으면",
      "법률이"
    ],
    "법률이": [
      "되거나",
      "국가기관",
      "가볍게",
      "처분은",
      "적용하도록",
      "시간적",
      "변경된",
      "그러한",
      "변경되거나",
      "해당하지"
    ],
    "신중하게": [
      "그러한",
      "않는다는",
      "국가기관",
      "부과는",
      "허용되지",
      "있어서는",
      "법률이",
      "여부는",
      "판단할",
      "첨부하여"
    ],
    "법인격이": [
      "독자적인",
      "불과하여",
      "대상은",
      "법인은",
      "성격이",
      "국가기관",
      "재단으로서",
      "자연인",
      "부과하거나",
      "보입니다"
    ],
    "보건복지부장관": [
      "보건교육",
      "달거나",
      "경우만",
      "시행하여야",
      "보건복지부령이",
      "도지사",
      "부과기준은",
      "구청장",
      "국가법령정보센터",
      "제목개정"
    ],
    "부담하고": [
      "비용은",
      "상속인은",
      "판단하여",
      "민사집행법",
      "하겠습니다",
      "결정할",
      "상속인이",
      "제기하지",
      "부과해야",
      "지방세"
    ],
    "부하지": [
      "산하여",
      "납부기한까지",
      "경과할",
      "가산하여",
      "중가산금은",
      "초과하지",
      "징수한다",
      "징수하는",
      "개월이",
      "경과한"
    ],
    "생계유지": [
      "생계유지가",
      "직접적인",
      "기간연장",
      "등록번호판이",
      "곤란하다고",
      "등록번호판",
      "일시해제",
      "결정하여",
      "해소되지",
      "해제할"
    ],
    "만료될": [
      "해소되지",
      "한정하여",
      "곤란하거나",
      "기간연장",
      "해제할",
      "사업이",
      "때까지",
      "등록번호판",
      "생계유지가",
      "기간이"
    ],
    "부과해야": [
      "감경사유가",
      "되는바",
      "하는바",
      "위반행위자",
      "판단해야",
      "부과하면",
      "되는지",
      "부과합니다",
      "간주하여",
      "부담하고"
    ],
    "상세정보": [
      "입출고",
      "더블클릭하면",
      "행동요법",
      "등록한다",
      "사용자매뉴얼",
      "항목",
      "우수사례",
      "접근방법",
      "선택한",
      "화면개요"
    ],
    "반환하여야": [
      "반환할",
      "영치가",
      "유추적용할",
      "번호판",
      "세무서장은",
      "관계없이",
      "것이라고",
      "해당하",
      "해석할",
      "따르도록"
    ],
    "소급하여": [
      "유의해야",
      "납부된",
      "생긴다",
      "적법하게",
      "해석이",
      "법령이",
      "지방세기본법",
      "중가산금",
      "새로운",
      "책임이"
    ],
    "반환할": [
      "번호판",
      "유추적용할",
      "따르도록",
      "지방회계법",
      "반환하여야",
      "해석할",
      "영치가",
      "세무서장은",
      "징수절차는",
      "감경사유가"
    ],
    "소유자는": [
      "사람이나",
      "고용주등",
      "고용하고",
      "자동차등록령",
      "부여하고",
      "않았다면",
      "의무보험",
      "해당할",
      "있더라도",
      "자동차손해배상"
    ],
    "소명하여": [
      "행정기관",
      "응하여야",
      "공공기관",
      "요청할",
      "해석이",
      "있으며",
      "사정이",
      "납부기한까지",
      "징수하는",
      "항에도"
    ],
    "반영하여": [
      "고용주",
      "필요는",
      "없더라도",
      "가능하도록",
      "당사",
      "가담한",
      "질서위반행위규제",
      "감경된",
      "하였다",
      "국세기본법"
    ],
    "밝혀진": [
      "운전자가",
      "아니고",
      "부과하거나",
      "규정하여",
      "있다면",
      "동법",
      "도로교통법",
      "감경이",
      "감경사유가",
      "범칙금"
    ],
    "비송사건절차법": [
      "주소가",
      "지방법원",
      "조부터",
      "조까지",
      "이의가",
      "준용하도록",
      "민사소송법",
      "규정은",
      "법원",
      "지방자치단체가"
    ],
    "상담기록지": [
      "상담",
      "행동요법",
      "보조제",
      "대상자",
      "클릭하여",
      "니코틴보조제",
      "사용방법",
      "금연사업담당자",
      "부작용",
      "협력기관"
    ],
    "실시할": [
      "국민건강영양조사",
      "따르도록",
      "보건복지부령이",
      "공청회",
      "유효한",
      "제출된",
      "행정기관이",
      "건강",
      "상속인이",
      "구청장은"
    ],
    "범위는": [
      "결정되는",
      "적용하게",
      "체납액",
      "보유하고",
      "압류등록된",
      "납부하여야",
      "등록번호판이",
      "공청회",
      "과태료부터",
      "납부하면"
    ],
    "세무서장은": [
      "일부가",
      "반환할",
      "것이라고",
      "해제할",
      "반환하여야",
      "압류할",
      "권리가",
      "소유권",
      "압류",
      "국세징수법"
    ],
    "상속재산": [
      "사망한",
      "일신전속적",
      "가능하도록",
      "집행할",
      "된다고",
      "승계되지",
      "납부의무",
      "상속인은",
      "납부의무가",
      "상속인이"
    ],
    "송달한": [
      "분별할",
      "교부함으로써",
      "피용자",
      "지능이",
      "사무원",
      "만나지",
      "압류는",
      "생긴다",
      "쉽도록",
      "가족이"
    ],
    "명백한": [
      "것이어야",
      "하자가",
      "승계되지",
      "행정처분이",
      "위하여는",
      "요청한",
      "독립된",
      "중대한",
      "있었던",
      "있어서는"
    ],
    "새롭게": [
      "징수하게",
      "조항",
      "제한하는",
      "압류가",
      "징수하도록",
      "제기하지",
      "적용할",
      "지방세",
      "내용은",
      "비추어"
    ],
    "명시적": [
      "적용될",
      "성격이",
      "아니한다고",
      "국가기관",
      "하는바",
      "대해서도",
      "고려하면",
      "위규제법",
      "지방세징수법",
      "법률이"
    ],
    "보유한": [
      "징수는",
      "대상인",
      "보유하고",
      "고려한",
      "규정하는",
      "규정한",
      "질서위반행위규제",
      "당사자",
      "해당하지",
      "것으로서"
    ],
    "백상지": [
      "생년월일",
      "구청장",
      "않아도",
      "전화번호",
      "도지사",
      "지방법원",
      "지하주차장",
      "이의신청",
      "금연지도원",
      "세대주"
    ],
    "승계되지": [
      "납부의무는",
      "납부하고",
      "여전히",
      "일신전속적",
      "납부의무가",
      "가지는",
      "행정질서벌",
      "납부의무자",
      "행정질서벌로서",
      "소유권"
    ],
    "비대면": [
      "궐련형",
      "금연관련",
      "코티닌",
      "규제",
      "적용할",
      "니코틴",
      "국가금연정책",
      "참고자료",
      "가이드라인",
      "지역사회중심"
    ],
    "말소등록": [
      "신고하여야",
      "신고하지",
      "해당되는",
      "적용됩니다",
      "생긴다",
      "자동차관리법",
      "자동차손해배상보장법",
      "소유자",
      "자동차가",
      "소멸시효"
    ],
    "번호판": [
      "반환할",
      "영치한",
      "해석할",
      "영치가",
      "유추적용할",
      "따르도록",
      "반환하여야",
      "한다고",
      "납부하고",
      "판단된다"
    ],
    "부과하거나": [
      "제한하는",
      "대상은",
      "생긴다",
      "하자가",
      "법인격이",
      "공법상",
      "개시된",
      "밝혀진",
      "판단하여",
      "후에도"
    ]
  }
}